employee_id,full_name,email_address,phone_number,home_address,basic_salary,department,job_title,years_of_experience,performance_rating
120000,Charlie Davis,wd3hdxj3@outlook.com,'+1-750-20-8589,"4510 Broadway, Cyber-Metropolis, NY 53602",11331.63,Finance,Teacher,50,3
7397,Omar Brown,9y9ur74j@solix-agent.ai,'+1-282-21-3200,"9926 Science Park, Data-Haven, NY 81692",3013.41,Marketing,Project Manager,5,2
8790,Charlie Johnson,18f60ced@example.com,'+1-241-86-3355,"4255 Oak Ave, San Francisco, NY 85191",1427.09,IT,Teacher,5,1
9736,Mariam Hassan,wtxpcw18@example.com,'+1-219-77-4405,"9458 Broadway, Cyber-Metropolis, TX 51348",44696.87,Finance,Software Engineer,2,4
6467,Henry Taylor,1fqbihrm@yahoo.com,'+1-786-24-4623,"457 Main St, Cairo, CA 82067",50722.46,Finance,Consultant,6,5
120000,Amir Mansour,wocusers@example.com,'+1-997-49-4881,"1881 Maple Dr, New York, NY 49615",27205.85,Marketing,Project Manager,50,3
14348,Emma Davis,o06mg0wv@outlook.com,'+1-589-36-9755,"7392 Science Park, Cyber-Metropolis, WA 86839",4616.65,IT,Teacher,7,1
100602,David Anderson,q2mo2t27@datafactory.io,'+1-978-29-2149,"4303 Main St, London, TX 90365",49570.87,IT,Data Analyst,41,5
27258,Frank Taylor,hm9sbqyl@outlook.com,'+1-446-77-4236,"1683 Pine Rd, Data-Haven, NY 78264",75276.03,Finance,Financial Analyst,14,6
110328,Layla Thomas,bez2y0qw@outlook.com,'+1-589-92-7933,"7877 Pine Rd, London, WA 95006",43955.61,HR,Consultant,46,4
65359,Jane Al-Farsi,y8qy0tsx@gmail.com,'+1-489-18-3069,"533 Main St, Data-Haven, IL 78081",75222.74,Finance,Teacher,28,6
73416,Amir Jackson,44z2tl85@solix-agent.ai,'+1-924-40-7150,"4980 Broadway, Data-Haven, WA 44798",47013.91,Finance,Data Analyst,32,4
71490,Michael Wilson,9qwva3x4@solix-agent.ai,'+1-528-23-3427,"822 Pine Rd, Cyber-Metropolis, IL 27361",83225.94,Finance,Financial Analyst,29,6
90119,Fatima Hassan,dhfrxvid@datafactory.io,'+1-928-40-2707,"408 Pine Rd, Cairo, NY 91435",33941.8,Finance,Financial Analyst,38,3
59683,Charlie Davis,ql36k6ew@solix-agent.ai,'+1-536-13-6765,"6004 Oak Ave, Data-Haven, CA 89129",22919.55,Marketing,Data Analyst,26,3
81066,Youssef Jackson,g3ziczin@gmail.com,'+1-300-50-3803,"3504 Maple Dr, Cyber-Metropolis, WA 22310",71390.38,IT,Software Engineer,35,6
64478,Grace Davis,f8qme8k5@example.com,'+1-520-68-1810,"4560 Main St, Data-Haven, NY 77580",26692.34,Marketing,Project Manager,28,3
90838,Amir Thomas,glms5a8r@example.com,'+1-524-12-3777,"2489 Science Park, Neo-City, NY 11573",24540.84,Marketing,Consultant,37,3
73374,Michael Mansour,wju0yvbn@datafactory.io,'+1-345-12-1790,"8013 Maple Dr, Cairo, NY 48415",31035.48,Marketing,Software Engineer,32,3
80907,Layla Mansour,hk5ye4f1@solix-agent.ai,'+1-612-27-4996,"9297 Science Park, Neo-City, FL 22654",66400.09,Finance,Data Analyst,36,6
63057,Charlie Johnson,a18hikce@yahoo.com,'+1-808-62-9853,"4060 Pine Rd, San Francisco, IL 82911",62184.37,HR,Financial Analyst,26,6
73494,Youssef Kamel,vrr3o2bg@datafactory.io,'+1-879-82-1231,"6333 Pine Rd, Cyber-Metropolis, FL 54727",46075.89,IT,Teacher,32,5
1200,Amir Taylor,cpfqhntu@outlook.com,'+1-240-62-3468,"6059 Main St, Neo-City, WA 73522",4634.41,HR,Data Analyst,3,2
45361,Henry Mansour,ehqrpc4w@datafactory.io,'+1-686-94-2000,"5089 Science Park, Neo-City, CA 51117",69359.29,Marketing,Project Manager,21,6
1200,Omar Thomas,e71ebg2x@gmail.com,'+1-692-62-8849,"3396 Pine Rd, Cyber-Metropolis, FL 98172",55050.7,Marketing,Data Analyst,1,5
14404,Charlie Jackson,8kgd53hm@solix-agent.ai,'+1-929-57-2075,"3553 Oak Ave, Dubai, IL 60115",60862.67,HR,Financial Analyst,9,5
8697,Michael Thomas,a2euxq1p@yahoo.com,'+1-282-10-8588,"1611 Broadway, Neo-City, IL 16916",30206.47,HR,Software Engineer,4,3
14932,Michael Anderson,8y2r82xz@yahoo.com,'+1-752-59-9619,"2769 Science Park, London, TX 39714",43740.4,HR,Teacher,9,4
74248,Bob Thomas,ve7fbrzu@solix-agent.ai,'+1-325-28-3323,"1580 Oak Ave, Dubai, FL 34914",53374.62,Marketing,Consultant,32,5
85480,Grace Kamel,kpkgvsq0@example.com,'+1-495-93-4740,"7630 Pine Rd, San Francisco, WA 34269",93313.6,Marketing,Data Analyst,37,6
26273,Alice Brown,v9tgkyjf@gmail.com,'+1-796-17-1028,"5512 Maple Dr, Cairo, WA 28215",30753.0,IT,Project Manager,12,4
69410,Alice Taylor,38by12i3@example.com,'+1-364-89-5306,"3124 Pine Rd, Dubai, CA 97013",25955.03,IT,Financial Analyst,30,3
108948,Jane Kamel,zesdhb0q@datafactory.io,'+1-750-10-3072,"7423 Main St, Data-Haven, FL 24591",99949.28,Marketing,Financial Analyst,46,6
79457,David Thomas,o760a86o@datafactory.io,'+1-522-96-5567,"7841 Pine Rd, Cairo, TX 46850",97611.8,HR,Project Manager,35,6
112275,Frank Kamel,n5xmrnp3@yahoo.com,'+1-452-13-5234,"5010 Oak Ave, London, CA 70314",56901.77,HR,Financial Analyst,44,5
48165,Sarah Johnson,p5vh6zdb@outlook.com,'+1-875-13-3506,"8226 Pine Rd, Cairo, NY 39779",100000.0,IT,Software Engineer,23,6
30673,Michael Brown,5gwgw50h@gmail.com,'+1-826-43-4839,"7278 Oak Ave, San Francisco, IL 30645",100000.0,Marketing,Financial Analyst,14,6
69112,Bob Davis,ukuxfs0v@outlook.com,'+1-401-12-8018,"3275 Oak Ave, Data-Haven, TX 32866",95991.52,IT,Teacher,28,6
12507,Amir Doe,m9yd181x@yahoo.com,'+1-366-70-9162,"9974 Main St, Dubai, IL 87447",28662.26,IT,Consultant,7,3
6624,Omar Johnson,dm6ktrrm@outlook.com,'+1-521-50-9926,"8811 Oak Ave, Cyber-Metropolis, FL 97923",61255.65,Finance,Software Engineer,4,5
54207,John Davis,etgbkefb@example.com,'+1-386-51-3444,"9845 Main St, Neo-City, TX 90310",38355.02,Finance,Software Engineer,28,4
112174,Fatima Taylor,q9z8fxsr@datafactory.io,'+1-686-97-8794,"7337 Pine Rd, San Francisco, IL 54418",45924.74,Finance,Software Engineer,46,5
1200,Michael Miller,mjqs36o4@gmail.com,'+1-839-70-3269,"7731 Science Park, San Francisco, FL 10564",6073.06,HR,Financial Analyst,3,2
25843,Youssef Davis,9m5pddkv@solix-agent.ai,'+1-682-19-7071,"8759 Main St, Neo-City, FL 30361",26211.11,Marketing,Data Analyst,11,3
106808,Fatima Hassan,0y9qunvw@datafactory.io,'+1-451-80-1434,"5542 Broadway, San Francisco, FL 70114",42026.56,Marketing,Consultant,44,4
10059,Jane Anderson,nrbxnhvw@gmail.com,'+1-600-36-9578,"2139 Pine Rd, San Francisco, FL 20385",1346.95,Marketing,Teacher,1,1
62925,Omar Hassan,7kt1a0ik@yahoo.com,'+1-908-72-6557,"4220 Broadway, New York, TX 46035",23387.77,Marketing,Financial Analyst,26,3
67277,Henry Thomas,6ia60ij4@solix-agent.ai,'+1-238-47-6549,"9230 Maple Dr, Dubai, TX 33922",28974.11,Finance,Financial Analyst,30,4
114156,Jane Jackson,5rroickf@outlook.com,'+1-492-77-9526,"332 Broadway, London, FL 23452",55614.75,HR,Software Engineer,50,5
120000,David Anderson,t7jc0jtm@outlook.com,'+1-468-34-9266,"9793 Maple Dr, Cairo, TX 74001",95133.41,HR,Teacher,50,6
82291,Youssef Kamel,ehbor6gr@solix-agent.ai,'+1-833-94-9231,"5517 Broadway, Cyber-Metropolis, CA 67285",100000.0,Finance,Financial Analyst,35,6
79780,Michael Davis,72ydf5fc@outlook.com,'+1-943-39-4666,"4083 Maple Dr, Neo-City, CA 54059",26647.09,HR,Project Manager,35,3
54470,Layla Jackson,ebd7p3ur@outlook.com,'+1-262-28-3013,"324 Broadway, New York, FL 54672",26265.85,Finance,Software Engineer,25,3
95238,Jane Johnson,wu3izhr4@yahoo.com,'+1-372-18-8965,"3127 Oak Ave, Data-Haven, CA 61278",49298.35,Marketing,Financial Analyst,42,5
61661,Alice Thomas,k8bjdpev@datafactory.io,'+1-781-28-3175,"4578 Oak Ave, Neo-City, IL 29852",80505.27,Finance,Financial Analyst,26,6
7369,Frank Miller,rvmwubn7@outlook.com,'+1-301-81-6747,"237 Oak Ave, New York, WA 96086",2231.06,Marketing,Software Engineer,4,2
47589,Sarah Davis,3m89evfl@datafactory.io,'+1-554-15-3725,"8598 Broadway, Cairo, WA 35557",25323.76,Marketing,Teacher,19,3
20625,Amir Johnson,ue50ibtf@yahoo.com,'+1-797-55-8517,"2703 Science Park, New York, NY 81762",58627.26,IT,Financial Analyst,10,5
20813,Sarah Smith,0ma3686z@yahoo.com,'+1-930-50-3044,"8692 Main St, San Francisco, TX 10406",25866.35,Finance,Project Manager,9,3
90066,Mariam Thomas,z9w76ea1@outlook.com,'+1-246-79-9640,"7864 Main St, Dubai, NY 60655",40291.2,IT,Consultant,39,4
86443,Alice Smith,jpbhgyur@solix-agent.ai,'+1-778-97-9692,"5014 Main St, Dubai, TX 97048",60875.49,Finance,Software Engineer,37,5
7555,Henry Smith,dxvnli8t@yahoo.com,'+1-845-61-8766,"7626 Maple Dr, Data-Haven, WA 14151",1000.0,Finance,Software Engineer,5,2
10720,Fatima Miller,03bz6rxn@gmail.com,'+1-293-66-8616,"3109 Maple Dr, Cyber-Metropolis, FL 95748",5280.12,IT,Teacher,7,2
51893,Fatima Jackson,ja6c43dd@solix-agent.ai,'+1-409-78-8487,"6395 Broadway, New York, NY 90847",25440.5,IT,Financial Analyst,22,3
106609,Layla Johnson,9207bvhd@yahoo.com,'+1-385-33-2664,"3495 Pine Rd, Cyber-Metropolis, WA 31733",65745.22,Finance,Consultant,46,5
53440,Emma Thomas,y6epiloa@outlook.com,'+1-249-63-4666,"7709 Science Park, San Francisco, CA 37648",65819.15,HR,Financial Analyst,25,5
113444,Layla Brown,nk8ee10t@datafactory.io,'+1-627-18-6971,"1702 Pine Rd, San Francisco, NY 32556",90759.69,Marketing,Financial Analyst,45,6
97087,Fatima Johnson,gdf0yf0b@yahoo.com,'+1-991-38-4136,"1378 Pine Rd, Cyber-Metropolis, NY 74400",97926.9,IT,Project Manager,42,6
26747,Fatima Al-Farsi,zx3ivg1g@gmail.com,'+1-750-16-4234,"3514 Pine Rd, London, NY 42636",26224.07,Marketing,Project Manager,11,3
59860,Layla Mansour,m7mcig8r@datafactory.io,'+1-645-29-5206,"8884 Oak Ave, Data-Haven, TX 14864",28195.58,HR,Consultant,25,3
28201,Michael Kamel,t8jcuysq@solix-agent.ai,'+1-710-40-9121,"9708 Maple Dr, Dubai, WA 39068",93548.28,HR,Financial Analyst,12,6
91734,Omar Miller,5dlerxpj@example.com,'+1-307-97-3032,"5313 Science Park, San Francisco, WA 18464",91675.05,HR,Teacher,39,6
40669,Fatima Thomas,wl95emib@outlook.com,'+1-661-91-7637,"4613 Pine Rd, San Francisco, NY 34113",35326.43,IT,Project Manager,17,4
46652,Bob Brown,dsbl6dqe@outlook.com,'+1-888-32-3693,"2947 Science Park, Cairo, FL 51023",58672.59,HR,Data Analyst,24,5
70848,Sarah Thomas,xf8uy7di@example.com,'+1-973-13-7622,"6776 Science Park, Cairo, CA 80362",24296.63,IT,Consultant,32,3
115943,Alice Taylor,0d4s0loy@datafactory.io,'+1-597-80-2382,"9976 Broadway, London, TX 63710",64419.57,HR,Consultant,46,5
95125,Grace Wilson,mp2tq48i@gmail.com,'+1-899-46-6773,"2145 Main St, Cairo, NY 43457",54510.12,Marketing,Data Analyst,39,5
98201,Omar Anderson,1eoel1lk@outlook.com,'+1-762-48-4224,"3543 Maple Dr, New York, NY 68493",85816.09,Marketing,Software Engineer,42,6
22677,Youssef Anderson,5f1rrigj@outlook.com,'+1-589-86-2837,"2302 Main St, Dubai, IL 42614",85326.06,Finance,Financial Analyst,11,6
99045,Henry Davis,k8a2vd76@example.com,'+1-406-75-3147,"5078 Broadway, Data-Haven, CA 18898",26182.52,Marketing,Software Engineer,43,3
81823,Grace Johnson,gkn6il65@outlook.com,'+1-593-65-8792,"7846 Broadway, Neo-City, WA 94563",60844.79,Finance,Project Manager,35,5
115569,Bob Jackson,8f2htfzv@solix-agent.ai,'+1-397-55-6390,"7938 Maple Dr, Cyber-Metropolis, CA 84417",23837.35,Marketing,Software Engineer,47,3
3321,Amir Al-Farsi,1zzpq3rk@datafactory.io,'+1-572-66-4470,"4558 Broadway, New York, IL 69010",1052.6,IT,Financial Analyst,3,2
7368,Fatima Jackson,3d93y0fq@yahoo.com,'+1-361-34-1362,"4232 Main St, Dubai, WA 66157",37641.87,Marketing,Financial Analyst,4,4
73916,David Smith,7n9lw6do@solix-agent.ai,'+1-507-70-3083,"921 Maple Dr, Cyber-Metropolis, CA 94720",37289.16,Finance,Consultant,36,4
18505,David Brown,n6c0iu3e@yahoo.com,'+1-910-44-3741,"9280 Pine Rd, Dubai, IL 75212",1000.0,Finance,Data Analyst,7,1
93949,Henry Jackson,cwngu26d@datafactory.io,'+1-537-41-3801,"706 Oak Ave, Data-Haven, IL 11714",28745.57,HR,Software Engineer,41,3
117703,Michael Davis,12o8v6is@datafactory.io,'+1-514-55-3344,"3949 Maple Dr, San Francisco, TX 24385",100000.0,IT,Teacher,48,6
56558,Grace Wilson,c8n80u7d@gmail.com,'+1-264-73-2248,"3776 Main St, San Francisco, WA 87497",64958.63,Marketing,Project Manager,27,5
66351,Frank Brown,584dfmf4@example.com,'+1-889-25-9871,"9741 Pine Rd, Data-Haven, NY 79815",60348.43,HR,Consultant,30,5
19418,Emma Miller,9a9u5yho@gmail.com,'+1-473-76-8675,"4239 Broadway, San Francisco, FL 26163",5214.08,Marketing,Teacher,8,2
113141,Charlie Smith,9yxso807@gmail.com,'+1-845-16-7303,"7697 Science Park, Cairo, WA 10197",97394.4,Marketing,Project Manager,50,6
67433,John Anderson,zw9vi6mh@outlook.com,'+1-203-28-4978,"433 Oak Ave, Cyber-Metropolis, FL 89165",67861.4,HR,Teacher,28,5
27567,Michael Mansour,bruv9meb@solix-agent.ai,'+1-633-56-7805,"1445 Maple Dr, Cairo, FL 67662",95824.06,HR,Data Analyst,13,6
91616,Michael Doe,e518ojnu@datafactory.io,'+1-269-97-3569,"897 Pine Rd, Data-Haven, WA 92404",37603.56,HR,Software Engineer,39,4
95894,Youssef Kamel,gaq1rdlu@datafactory.io,'+1-957-45-4620,"2058 Maple Dr, New York, TX 20904",43007.54,HR,Software Engineer,40,4
47826,David Brown,vwo2ynlj@solix-agent.ai,'+1-953-41-7451,"1478 Science Park, Cairo, NY 19044",98395.09,HR,Software Engineer,21,6
18893,Omar Thomas,8gzqp321@datafactory.io,'+1-973-12-5723,"6391 Oak Ave, San Francisco, TX 38962",49193.14,Marketing,Teacher,10,4
48597,Jane Mansour,q0cmro76@solix-agent.ai,'+1-539-13-8125,"6659 Main St, Neo-City, WA 34330",95635.5,HR,Teacher,22,6
1200,Jane Kamel,muu67xro@yahoo.com,'+1-300-69-2416,"7243 Pine Rd, Cairo, TX 13876",40978.81,IT,Project Manager,0,4
110628,Alice Smith,gz5i7rld@datafactory.io,'+1-237-59-9948,"9762 Pine Rd, London, FL 34219",74056.82,Finance,Consultant,45,6
88899,Henry Taylor,87q1qy6u@gmail.com,'+1-564-92-9298,"2531 Pine Rd, New York, NY 29746",69140.5,HR,Software Engineer,36,6
36948,Charlie Brown,rnspy3ea@outlook.com,'+1-723-25-2286,"8224 Maple Dr, San Francisco, NY 86011",26587.27,HR,Data Analyst,20,3
56930,Sarah Al-Farsi,lwtuge4z@gmail.com,'+1-945-86-1195,"9300 Pine Rd, Neo-City, FL 29953",48055.99,Marketing,Consultant,25,4
108122,Henry Doe,llnw9x1h@example.com,'+1-255-73-9303,"7357 Broadway, Neo-City, NY 88230",76611.84,HR,Project Manager,45,6
81668,Emma Doe,agzh62ey@datafactory.io,'+1-415-11-8626,"736 Broadway, San Francisco, IL 21233",84078.14,HR,Software Engineer,35,6
51038,Amir Taylor,84uxsi82@outlook.com,'+1-368-63-3013,"2416 Pine Rd, San Francisco, WA 63837",60315.34,HR,Project Manager,22,5
1200,David Smith,kttuss2v@solix-agent.ai,'+1-927-79-9041,"7888 Main St, New York, CA 62992",5454.7,Marketing,Consultant,0,2
118829,David Kamel,9vzaqeod@example.com,'+1-603-51-3387,"7009 Main St, Neo-City, TX 33216",53953.84,HR,Consultant,50,5
97347,Michael Anderson,eushl14x@outlook.com,'+1-747-79-5045,"5214 Science Park, Dubai, IL 28910",43920.03,Finance,Project Manager,39,4
33650,Fatima Brown,vle5rzq9@solix-agent.ai,'+1-365-92-8954,"4473 Science Park, Cyber-Metropolis, NY 88977",62319.83,Marketing,Software Engineer,14,5
45774,Jane Miller,w630ym5n@example.com,'+1-302-94-1496,"617 Broadway, San Francisco, TX 51641",66012.17,Finance,Consultant,20,6
110758,John Miller,5avnknw0@datafactory.io,'+1-523-90-5088,"9923 Pine Rd, Data-Haven, FL 68085",75292.91,Marketing,Financial Analyst,46,6
19174,Fatima Al-Farsi,77emk1rm@datafactory.io,'+1-303-32-7216,"2883 Main St, London, WA 78748",3150.9,HR,Data Analyst,8,1
13140,Michael Taylor,pfzq37bv@yahoo.com,'+1-376-65-9553,"6535 Maple Dr, Data-Haven, TX 78067",29532.3,Finance,Software Engineer,8,3
13105,Michael Smith,tzx280mf@solix-agent.ai,'+1-545-38-3712,"3270 Broadway, Neo-City, CA 83856",35619.08,Marketing,Consultant,9,4
59446,Layla Smith,uhhzl807@example.com,'+1-216-63-4736,"3020 Maple Dr, New York, IL 15793",30100.48,IT,Data Analyst,25,3
88594,Michael Anderson,pec9ogoq@solix-agent.ai,'+1-485-14-2222,"3211 Pine Rd, Cyber-Metropolis, TX 76338",49123.42,HR,Data Analyst,40,5
78600,Sarah Brown,5645latp@yahoo.com,'+1-264-21-2870,"3799 Broadway, London, CA 11442",50830.38,Marketing,Project Manager,34,5
53869,David Kamel,ibd3q18n@datafactory.io,'+1-650-83-1556,"318 Science Park, Cyber-Metropolis, TX 68876",14594.31,IT,Data Analyst,24,3
53729,Alice Miller,1incbvz2@outlook.com,'+1-999-85-9382,"1994 Oak Ave, Data-Haven, NY 25178",72411.48,Marketing,Financial Analyst,25,6
18962,Frank Brown,qh7bwp9t@yahoo.com,'+1-712-52-5288,"1148 Pine Rd, Cyber-Metropolis, CA 35559",19022.46,IT,Consultant,10,3
84085,Henry Taylor,49pvoc98@yahoo.com,'+1-861-35-1064,"2601 Pine Rd, New York, FL 64551",67713.15,HR,Teacher,37,6
4901,Emma Miller,mcp3i00k@gmail.com,'+1-359-71-4028,"1602 Main St, Data-Haven, IL 44948",4277.79,Finance,Project Manager,1,1
4358,Omar Davis,zcmx0cta@example.com,'+1-217-66-1514,"5965 Science Park, New York, TX 90241",65245.63,IT,Project Manager,6,5
43806,Emma Jackson,ycfayto7@solix-agent.ai,'+1-446-40-3861,"1755 Oak Ave, San Francisco, FL 51436",30274.61,Marketing,Data Analyst,17,4
60743,Grace Davis,p17ny9v9@solix-agent.ai,'+1-676-37-7795,"4494 Oak Ave, Neo-City, NY 39430",64792.41,HR,Project Manager,26,6
79191,Omar Mansour,rtefs4d7@yahoo.com,'+1-201-70-7726,"4199 Main St, San Francisco, TX 20518",64205.47,IT,Financial Analyst,33,5
59038,Charlie Hassan,rgm5haqf@example.com,'+1-370-65-5274,"3050 Main St, Data-Haven, TX 27648",65744.22,Marketing,Consultant,26,6
33431,Fatima Kamel,tgv618v4@example.com,'+1-671-69-4407,"3249 Science Park, Cyber-Metropolis, IL 36894",80659.57,Marketing,Software Engineer,16,6
101057,Jane Al-Farsi,fx13pxfq@example.com,'+1-769-23-6626,"3365 Science Park, Dubai, WA 52103",63571.63,Marketing,Consultant,42,5
102980,Sarah Mansour,e7dsmt89@datafactory.io,'+1-893-76-6896,"3530 Broadway, Neo-City, TX 91086",79419.75,IT,Software Engineer,43,6
120000,Mariam Miller,117qjyj7@outlook.com,'+1-600-76-4999,"1272 Oak Ave, New York, FL 58343",45940.41,IT,Financial Analyst,50,4
44798,Jane Miller,c411tvvp@example.com,'+1-265-38-5476,"1939 Pine Rd, Dubai, TX 28772",5629.57,IT,Data Analyst,23,3
64583,Frank Mansour,3ivp1o5v@outlook.com,'+1-569-35-1421,"4170 Main St, San Francisco, CA 34979",61580.44,Finance,Financial Analyst,24,5
9540,Fatima Al-Farsi,uyefikpf@solix-agent.ai,'+1-854-52-8378,"9010 Main St, San Francisco, TX 18060",1749.85,IT,Consultant,6,2
4881,Jane Anderson,13t5gzg0@example.com,'+1-525-22-1955,"3096 Oak Ave, Cyber-Metropolis, NY 17830",4634.68,IT,Financial Analyst,5,2
50425,Frank Al-Farsi,xf2idiwc@example.com,'+1-342-70-3847,"4224 Broadway, Neo-City, NY 78842",65709.74,IT,Software Engineer,23,5
69697,Youssef Thomas,so30yz61@outlook.com,'+1-200-75-9870,"2230 Science Park, New York, TX 40656",68105.4,Finance,Teacher,32,6
119325,Jane Hassan,nq5gw0cf@outlook.com,'+1-328-42-2373,"8049 Pine Rd, Neo-City, NY 51824",33991.52,IT,Project Manager,48,4
67871,Amir Al-Farsi,6ynebiib@yahoo.com,'+1-927-11-2972,"2628 Maple Dr, Cairo, WA 53559",64493.53,Marketing,Data Analyst,28,6
96781,Grace Wilson,v5720atq@outlook.com,'+1-994-26-4423,"5964 Main St, Neo-City, FL 83395",37744.62,IT,Software Engineer,42,4
50376,Frank Hassan,bjmog7f1@datafactory.io,'+1-311-36-1941,"5695 Main St, Data-Haven, NY 88211",66708.09,Marketing,Financial Analyst,21,6
55440,Youssef Johnson,9w5x7e9d@solix-agent.ai,'+1-256-84-8738,"3690 Science Park, Data-Haven, NY 94869",73753.44,Marketing,Data Analyst,25,6
58545,Henry Davis,3auoghtg@datafactory.io,'+1-381-70-2047,"3737 Pine Rd, Data-Haven, NY 41753",74512.73,Marketing,Consultant,27,6
120000,Layla Wilson,5vy8d064@yahoo.com,'+1-945-45-5888,"1284 Oak Ave, San Francisco, NY 41279",46018.18,Finance,Consultant,49,4
46431,Mariam Thomas,o45kj4pv@datafactory.io,'+1-358-66-3745,"1121 Oak Ave, Data-Haven, WA 69642",74821.23,Finance,Financial Analyst,20,6
120000,David Jackson,7ot41rsg@yahoo.com,'+1-223-96-5634,"9275 Broadway, Cairo, CA 66725",62549.63,Finance,Software Engineer,48,5
5132,Michael Wilson,3bbg1tfk@solix-agent.ai,'+1-625-47-3858,"6445 Maple Dr, Data-Haven, FL 67989",3607.35,IT,Financial Analyst,6,1
30505,Bob Hassan,v4luu0yj@gmail.com,'+1-707-65-6933,"7141 Broadway, San Francisco, IL 49829",10444.09,Marketing,Software Engineer,16,3
41205,Frank Anderson,u5cjftv2@solix-agent.ai,'+1-875-81-1491,"2390 Maple Dr, San Francisco, WA 69043",12549.6,Finance,Project Manager,19,3
91432,Jane Hassan,wqvkvl0j@example.com,'+1-502-17-1039,"8811 Broadway, Neo-City, NY 46018",39416.43,Finance,Software Engineer,40,4
119739,Michael Thomas,rspffzw3@datafactory.io,'+1-391-88-2275,"9053 Maple Dr, Cyber-Metropolis, WA 25932",77441.65,IT,Data Analyst,48,6
39918,Fatima Taylor,04at219a@outlook.com,'+1-331-61-5842,"1025 Oak Ave, Data-Haven, WA 58123",72941.39,Finance,Financial Analyst,19,6
42452,Grace Kamel,4cvubv6p@example.com,'+1-527-14-2905,"8307 Oak Ave, Cyber-Metropolis, NY 12563",59859.11,IT,Data Analyst,21,5
62659,Amir Jackson,suk10uli@datafactory.io,'+1-661-12-7318,"4565 Pine Rd, Cyber-Metropolis, NY 59162",61986.71,HR,Data Analyst,27,5
88595,Grace Smith,vxxb9ya9@example.com,'+1-971-11-4635,"5592 Maple Dr, Cyber-Metropolis, NY 21982",44641.5,Finance,Financial Analyst,39,4
110788,Alice Mansour,9pr2w3m3@outlook.com,'+1-467-17-9576,"8172 Science Park, London, NY 37293",8747.29,HR,Consultant,48,3
9621,Fatima Davis,33r5puho@gmail.com,'+1-377-57-6557,"9798 Main St, Neo-City, WA 36167",4718.14,IT,Data Analyst,6,2
1200,Michael Johnson,1pn6sj0n@outlook.com,'+1-771-47-9394,"6391 Science Park, Cyber-Metropolis, TX 38836",34143.47,Marketing,Project Manager,0,4
72275,Layla Kamel,fljkae0s@datafactory.io,'+1-339-85-5817,"9482 Maple Dr, Cairo, FL 33939",79040.54,Finance,Project Manager,31,6
21010,Emma Thomas,r12nd1o5@gmail.com,'+1-499-38-3304,"3363 Pine Rd, London, WA 69519",84489.58,IT,Software Engineer,12,6
58713,Youssef Kamel,lz6xwz72@yahoo.com,'+1-569-58-3341,"1020 Oak Ave, Data-Haven, TX 62699",80533.23,Marketing,Consultant,29,6
46593,Alice Johnson,fl9tap6z@example.com,'+1-948-43-2784,"4240 Main St, Data-Haven, NY 32609",74361.51,Marketing,Project Manager,22,6
120000,Amir Thomas,q3u87y6k@gmail.com,'+1-310-56-2654,"5256 Maple Dr, Cairo, CA 88308",65397.37,HR,Financial Analyst,50,6
41831,Frank Taylor,y7u1ol7s@example.com,'+1-363-55-6393,"3132 Science Park, Cyber-Metropolis, TX 16485",67924.6,IT,Consultant,18,6
70947,Charlie Brown,4qqvhbc0@yahoo.com,'+1-643-49-5157,"3371 Main St, Neo-City, FL 76766",40954.69,Marketing,Project Manager,31,4
62505,David Davis,y1674gw8@solix-agent.ai,'+1-561-88-1755,"8644 Pine Rd, Cyber-Metropolis, CA 80779",63507.97,Finance,Software Engineer,29,6
67228,Layla Miller,sv4n25xp@solix-agent.ai,'+1-698-93-2449,"2810 Main St, San Francisco, FL 80713",62332.97,Finance,Teacher,28,5
120000,Jane Wilson,1rzw5ke0@datafactory.io,'+1-478-25-6325,"4280 Main St, New York, NY 78751",10577.63,HR,Financial Analyst,48,3
100225,Grace Miller,fsy0sa0n@yahoo.com,'+1-315-60-7144,"4783 Broadway, Data-Haven, CA 24909",62952.43,Marketing,Consultant,44,6
64331,David Hassan,1al4dwaa@datafactory.io,'+1-289-20-4989,"9531 Main St, London, IL 50793",8096.82,IT,Data Analyst,28,3
66659,Grace Doe,kibzrxgg@yahoo.com,'+1-504-58-2298,"6326 Science Park, Dubai, CA 32055",48822.8,Finance,Data Analyst,29,4
32179,Youssef Wilson,bup6afa9@datafactory.io,'+1-994-80-9325,"4942 Main St, New York, FL 63006",11064.01,Marketing,Consultant,15,3
89864,Alice Johnson,aeeu4ja4@datafactory.io,'+1-438-13-2903,"3758 Pine Rd, San Francisco, IL 40730",48681.71,Marketing,Financial Analyst,39,4
41642,David Mansour,jh0dc1pg@solix-agent.ai,'+1-632-36-4920,"9636 Oak Ave, San Francisco, FL 17736",63232.99,HR,Data Analyst,18,5
40240,Emma Wilson,rnqw39xh@gmail.com,'+1-722-10-9083,"1634 Oak Ave, London, NY 84132",46146.79,Finance,Software Engineer,17,4
1200,Alice Miller,hswjohc2@yahoo.com,'+1-981-42-1846,"1776 Main St, Neo-City, NY 49296",1000.0,Finance,Data Analyst,0,2
30610,Bob Taylor,ruskygko@gmail.com,'+1-346-70-4649,"3601 Science Park, Neo-City, NY 20675",77875.77,IT,Project Manager,13,6
120000,Fatima Taylor,pvwkajsl@datafactory.io,'+1-792-43-5539,"7999 Oak Ave, New York, FL 70203",75916.44,Finance,Consultant,50,6
115688,Mariam Smith,y4zmq0n8@solix-agent.ai,'+1-317-94-8530,"6533 Broadway, San Francisco, CA 21942",67649.07,IT,Teacher,46,6
110936,John Brown,sed3utdt@gmail.com,'+1-532-57-9964,"2242 Broadway, Cyber-Metropolis, FL 45318",62453.66,Finance,Project Manager,49,5
1200,Henry Johnson,799crm2a@example.com,'+1-595-74-9426,"1470 Oak Ave, Cyber-Metropolis, NY 43898",11894.35,HR,Data Analyst,1,3
54885,Michael Hassan,btcah0uf@example.com,'+1-590-96-3676,"2021 Pine Rd, Cyber-Metropolis, TX 85279",71227.34,Finance,Project Manager,27,6
108739,Bob Taylor,71fxd7nd@datafactory.io,'+1-562-60-9662,"9579 Maple Dr, Dubai, IL 66995",69854.04,IT,Project Manager,48,6
119684,Henry Kamel,0pcggxgr@datafactory.io,'+1-509-40-1064,"8765 Maple Dr, Neo-City, IL 72084",67932.94,IT,Data Analyst,49,6
66196,Henry Al-Farsi,koivxr1o@datafactory.io,'+1-359-12-3435,"6098 Maple Dr, Neo-City, TX 39607",83182.89,HR,Consultant,29,6
87492,Michael Kamel,ce28vxca@datafactory.io,'+1-465-56-8403,"3392 Pine Rd, New York, TX 69436",65645.79,Finance,Consultant,37,5
120000,John Wilson,hl0j40kz@gmail.com,'+1-869-48-5524,"2402 Oak Ave, Dubai, CA 64509",7376.28,Finance,Teacher,50,3
8474,John Taylor,xxe790vh@example.com,'+1-705-84-3800,"3333 Broadway, London, CA 73461",12354.97,HR,Consultant,3,3
1393,Amir Brown,sixhw96b@datafactory.io,'+1-604-82-5130,"2622 Science Park, London, CA 48449",10499.66,Finance,Data Analyst,0,3
21359,Fatima Brown,knxa6ii5@gmail.com,'+1-265-62-9389,"9523 Oak Ave, Neo-City, TX 39573",7187.17,Finance,Project Manager,7,2
64042,Amir Wilson,yvxvhq1a@yahoo.com,'+1-262-16-1761,"7497 Oak Ave, Dubai, CA 73387",44601.0,IT,Consultant,28,4
93496,Omar Johnson,s1vbouoh@datafactory.io,'+1-741-97-8893,"8508 Maple Dr, Neo-City, NY 54176",40254.44,Finance,Financial Analyst,38,4
1200,Amir Taylor,khlq1bj7@example.com,'+1-641-76-5858,"4532 Science Park, Dubai, TX 16391",2136.38,Finance,Teacher,2,2
75628,Youssef Kamel,iy5n8g9e@solix-agent.ai,'+1-671-54-7638,"6268 Main St, Cairo, TX 21289",92009.71,HR,Financial Analyst,31,6
18677,Charlie Wilson,8zsly9g6@datafactory.io,'+1-919-19-3519,"864 Oak Ave, Cyber-Metropolis, FL 38922",38329.08,HR,Data Analyst,9,4
10824,Bob Mansour,0f4vy0q9@solix-agent.ai,'+1-273-35-4928,"4511 Main St, Neo-City, CA 27627",1744.17,Marketing,Financial Analyst,9,1
42944,Mariam Mansour,e489oykh@solix-agent.ai,'+1-485-59-5903,"486 Main St, Neo-City, CA 55186",60120.16,IT,Project Manager,18,5
106354,Youssef Taylor,xtt14yq5@example.com,'+1-560-68-7612,"1381 Oak Ave, Neo-City, FL 56109",90208.31,Finance,Teacher,45,6
76895,Sarah Jackson,ujy0eglc@example.com,'+1-771-55-3626,"3296 Maple Dr, London, FL 37921",14135.34,Finance,Data Analyst,33,3
77136,Bob Miller,ps2esck2@yahoo.com,'+1-959-35-8576,"7566 Pine Rd, Dubai, IL 47528",93798.73,Marketing,Software Engineer,32,6
42214,Layla Davis,nbqjkqei@gmail.com,'+1-912-62-8225,"263 Main St, London, TX 16846",92603.27,Finance,Teacher,22,6
65567,Charlie Jackson,87hu0ifc@gmail.com,'+1-582-84-4372,"8380 Maple Dr, Dubai, FL 74637",60718.26,IT,Teacher,27,5
70952,Omar Smith,fpvznxy7@example.com,'+1-361-68-8791,"4793 Oak Ave, Cyber-Metropolis, TX 44089",91767.07,Marketing,Teacher,31,6
120000,Fatima Taylor,cj7g586n@solix-agent.ai,'+1-267-62-9079,"9942 Main St, Dubai, NY 82953",32530.63,IT,Consultant,49,4
8166,Youssef Miller,oqfrsefc@gmail.com,'+1-444-76-8014,"6937 Main St, Neo-City, FL 31611",32028.23,Marketing,Software Engineer,6,4
62545,Sarah Kamel,n9cofb2e@yahoo.com,'+1-272-32-2473,"2662 Pine Rd, Dubai, WA 53370",63893.25,Marketing,Data Analyst,28,5
10359,Emma Al-Farsi,0eh1mddu@example.com,'+1-809-78-2724,"1008 Oak Ave, Cairo, NY 69331",15434.53,HR,Project Manager,7,3
1565,Layla Kamel,eatopxah@example.com,'+1-588-31-4494,"7374 Pine Rd, Neo-City, TX 38866",14918.8,IT,Financial Analyst,0,3
1200,Bob Taylor,80v0btxw@example.com,'+1-267-78-2413,"8399 Pine Rd, London, NY 78128",1000.0,Finance,Data Analyst,2,1
49215,John Smith,9q8fo66h@solix-agent.ai,'+1-877-26-7101,"5343 Main St, Dubai, IL 72025",95764.42,Finance,Consultant,23,6
46417,Henry Taylor,ck0ex4w9@gmail.com,'+1-946-16-5903,"5744 Oak Ave, Dubai, CA 48563",93217.11,IT,Software Engineer,22,6
9509,Alice Davis,v6ubwq4k@gmail.com,'+1-259-27-6476,"9259 Main St, Dubai, WA 20161",56748.3,Finance,Consultant,7,5
113160,John Al-Farsi,85xay6jy@datafactory.io,'+1-781-24-1970,"4190 Main St, Dubai, IL 65601",98063.37,Finance,Consultant,46,6
83797,Sarah Hassan,8ng44jka@datafactory.io,'+1-232-40-2354,"6558 Science Park, San Francisco, WA 70658",100000.0,IT,Data Analyst,36,6
6430,David Taylor,w1jtoz48@yahoo.com,'+1-648-60-8838,"4212 Science Park, London, FL 85908",8438.81,Marketing,Data Analyst,2,3
119336,Alice Wilson,kvqy7ivi@outlook.com,'+1-349-35-3877,"9630 Maple Dr, Cyber-Metropolis, CA 80694",97670.66,IT,Software Engineer,50,6
66847,Layla Hassan,acpibev1@solix-agent.ai,'+1-361-78-2077,"6782 Oak Ave, Neo-City, FL 55798",60513.59,Marketing,Software Engineer,32,5
64665,David Hassan,xm129pyo@gmail.com,'+1-825-36-2377,"1214 Maple Dr, Neo-City, CA 89247",3818.5,Finance,Software Engineer,27,3
108986,Bob Mansour,6arfdhyz@solix-agent.ai,'+1-545-83-1664,"8651 Science Park, London, IL 18534",97499.62,Finance,Project Manager,46,6
9922,Mariam Doe,nagzker4@solix-agent.ai,'+1-654-78-8331,"4392 Science Park, Neo-City, NY 87823",6990.65,Finance,Project Manager,7,3
79377,Frank Johnson,wdw1llb6@example.com,'+1-521-14-4346,"162 Science Park, New York, FL 59454",59256.85,HR,Teacher,33,5
73588,Fatima Taylor,t3l04jjy@example.com,'+1-319-71-8025,"4293 Broadway, San Francisco, CA 12445",8636.72,Marketing,Teacher,34,3
71152,Michael Smith,xw7mxo6h@outlook.com,'+1-476-45-1927,"8563 Maple Dr, Data-Haven, IL 34321",42727.4,HR,Consultant,31,4
51403,Youssef Mansour,n0wv91ro@example.com,'+1-439-35-5094,"6895 Oak Ave, Cairo, NY 73133",93625.87,HR,Consultant,23,6
30197,Bob Doe,pbdiorfx@yahoo.com,'+1-676-56-5410,"3784 Main St, New York, NY 87401",35924.96,IT,Data Analyst,13,4
72463,Layla Johnson,w4bsw130@example.com,'+1-587-20-5855,"5732 Maple Dr, Neo-City, FL 40889",85298.43,HR,Project Manager,31,6
110459,Charlie Taylor,hc8gb7pg@example.com,'+1-390-98-7264,"8153 Science Park, Data-Haven, NY 72230",58841.41,IT,Teacher,45,5
98856,Youssef Hassan,qwn1pp5k@gmail.com,'+1-662-31-7159,"843 Pine Rd, London, IL 52377",6740.21,IT,Financial Analyst,42,3
33450,Henry Miller,qmw7jhnr@outlook.com,'+1-531-13-5156,"5326 Science Park, London, TX 90768",8738.69,HR,Consultant,15,3
8936,David Johnson,1180rhyr@gmail.com,'+1-293-20-6882,"9017 Broadway, Dubai, WA 78591",31981.81,Marketing,Consultant,3,4
83451,Charlie Smith,3asonfkd@datafactory.io,'+1-221-82-3724,"2287 Main St, Cyber-Metropolis, WA 49627",40145.32,Marketing,Project Manager,36,4
41800,Bob Al-Farsi,ashwxnew@solix-agent.ai,'+1-366-28-8582,"7789 Main St, Cyber-Metropolis, CA 23570",90961.44,Marketing,Teacher,20,6
29653,Layla Jackson,9g4mzk4j@gmail.com,'+1-222-63-8220,"9827 Maple Dr, Dubai, WA 46324",58489.18,Marketing,Data Analyst,13,5
68406,Alice Jackson,6a9h9uuw@outlook.com,'+1-951-21-7148,"3602 Maple Dr, New York, WA 26155",84432.25,Marketing,Consultant,30,6
109623,Youssef Miller,xek6yfk2@example.com,'+1-799-39-7002,"8428 Broadway, Dubai, CA 72069",8161.39,HR,Project Manager,47,3
40771,Michael Mansour,wiepv480@outlook.com,'+1-306-40-7045,"9200 Science Park, Dubai, NY 16750",10596.84,HR,Teacher,17,3
1801,Charlie Anderson,eavb8tj3@gmail.com,'+1-935-48-3450,"3851 Oak Ave, Cyber-Metropolis, FL 44228",58213.36,Finance,Financial Analyst,6,5
21255,Alice Al-Farsi,n6mn1x9s@yahoo.com,'+1-248-37-9910,"962 Science Park, New York, FL 18024",61737.17,Marketing,Project Manager,9,5
4310,Omar Doe,9tjncx62@datafactory.io,'+1-260-21-9901,"7691 Science Park, New York, NY 66850",8818.91,HR,Consultant,6,3
73025,Emma Brown,6zc5yy5z@datafactory.io,'+1-377-60-9222,"3877 Broadway, Cyber-Metropolis, IL 54588",43065.63,Finance,Software Engineer,32,4
49344,Jane Thomas,jpo7qqph@example.com,'+1-786-10-9978,"5089 Oak Ave, Dubai, WA 86955",82673.12,Marketing,Project Manager,22,6
51716,Emma Doe,y8b4gy7l@yahoo.com,'+1-581-99-4994,"4968 Oak Ave, San Francisco, TX 12307",52400.49,IT,Project Manager,20,5
44114,Frank Miller,qbp6qu62@datafactory.io,'+1-475-47-3400,"3320 Broadway, Dubai, WA 74198",78677.02,Finance,Teacher,18,6
120000,Sarah Wilson,m2tny4uv@datafactory.io,'+1-748-97-6422,"5846 Pine Rd, Dubai, TX 61240",82908.1,HR,Software Engineer,47,6
48789,Emma Anderson,mdgipogy@solix-agent.ai,'+1-479-39-7080,"4228 Pine Rd, Neo-City, CA 12388",85899.85,IT,Consultant,18,6
80071,Mariam Johnson,rpciebmz@gmail.com,'+1-956-30-7944,"6840 Science Park, Cairo, CA 95209",80627.04,IT,Software Engineer,35,6
65361,Henry Davis,1npri3z1@outlook.com,'+1-298-61-2905,"8735 Oak Ave, London, NY 36628",34228.93,IT,Teacher,28,4
34297,Omar Wilson,x63g0968@gmail.com,'+1-711-75-4383,"1987 Maple Dr, New York, NY 38259",59858.78,Finance,Consultant,17,5
1200,Fatima Wilson,znfyz9ll@gmail.com,'+1-580-23-1638,"5701 Maple Dr, London, IL 52149",45249.72,HR,Consultant,1,4
1200,Grace Al-Farsi,35q5qafe@outlook.com,'+1-952-62-4275,"3200 Main St, Cyber-Metropolis, TX 31151",1000.0,IT,Software Engineer,0,1
110782,Sarah Hassan,uvd8togv@datafactory.io,'+1-479-78-6168,"6969 Science Park, Data-Haven, CA 17179",3013.75,Marketing,Teacher,46,3
11384,Charlie Thomas,a0ozs6bb@outlook.com,'+1-972-86-5211,"7150 Pine Rd, London, WA 49494",39981.12,IT,Financial Analyst,4,4
43165,Charlie Miller,p9onho8w@datafactory.io,'+1-647-50-5711,"6022 Pine Rd, Dubai, WA 69821",90680.26,IT,Teacher,19,6
20903,Omar Kamel,fkpg1wzr@outlook.com,'+1-990-79-7706,"9653 Pine Rd, Data-Haven, WA 49476",32369.56,Finance,Teacher,10,4
100947,Layla Hassan,z07ssfhv@solix-agent.ai,'+1-896-77-6708,"6630 Maple Dr, Cairo, WA 32519",5918.18,Finance,Data Analyst,41,3
4783,John Miller,p2v09615@yahoo.com,'+1-334-98-7419,"6976 Pine Rd, Data-Haven, IL 81269",5195.94,HR,Consultant,1,1
6173,Michael Johnson,c377mwst@datafactory.io,'+1-276-71-6606,"1680 Science Park, Cairo, TX 39294",39138.41,Marketing,Consultant,2,4
41758,Mariam Kamel,b6rn21ll@outlook.com,'+1-372-19-8399,"8856 Main St, London, FL 62704",85338.73,Finance,Software Engineer,22,6
31993,Frank Anderson,cg7j54lx@datafactory.io,'+1-566-58-3075,"6006 Main St, Dubai, WA 64538",88143.08,IT,Consultant,11,6
40741,Frank Hassan,ger96h4n@yahoo.com,'+1-342-69-4927,"9422 Maple Dr, Dubai, WA 26290",34667.89,HR,Consultant,19,4
7394,Youssef Brown,mppnwzer@outlook.com,'+1-371-47-6537,"853 Science Park, Neo-City, CA 62580",9181.93,IT,Software Engineer,4,3
91907,Amir Jackson,trl6dhd8@solix-agent.ai,'+1-547-50-8325,"3291 Science Park, Neo-City, TX 35279",87926.01,IT,Data Analyst,36,6
92580,Amir Taylor,rb8jap6r@gmail.com,'+1-345-86-9083,"7621 Oak Ave, New York, NY 31143",11781.42,Finance,Financial Analyst,37,3
63665,Youssef Johnson,3erucbop@datafactory.io,'+1-977-61-3024,"4052 Main St, Data-Haven, CA 32334",87023.21,HR,Project Manager,29,6
7713,David Johnson,okm1u5wo@datafactory.io,'+1-603-51-6486,"4977 Maple Dr, Neo-City, TX 47552",3830.41,Marketing,Data Analyst,8,2
79620,Grace Johnson,6x39tnjy@outlook.com,'+1-276-86-6254,"5714 Maple Dr, London, FL 13444",43669.3,Marketing,Teacher,33,4
102873,Sarah Miller,dp9ytbhh@gmail.com,'+1-459-79-7756,"458 Broadway, New York, IL 84549",69780.87,Finance,Project Manager,43,5
75410,David Davis,xmacrpa7@outlook.com,'+1-937-76-7922,"7649 Pine Rd, Neo-City, WA 65815",90657.41,Finance,Project Manager,34,6
48518,Grace Jackson,pa4ungeu@solix-agent.ai,'+1-431-92-3585,"5049 Pine Rd, Cairo, TX 69115",19849.3,HR,Consultant,21,3
102703,Frank Brown,e7qv5w34@datafactory.io,'+1-366-26-5771,"9565 Science Park, Neo-City, FL 75525",8468.29,Marketing,Consultant,43,3
55183,Fatima Smith,1oj5rj54@solix-agent.ai,'+1-881-92-7996,"2726 Broadway, London, TX 90386",88987.51,Marketing,Consultant,23,6
34049,Omar Anderson,463fzyd3@gmail.com,'+1-819-67-1289,"9528 Maple Dr, Dubai, CA 66928",15707.18,Marketing,Data Analyst,16,3
23568,Emma Anderson,y4p3p0ie@solix-agent.ai,'+1-828-70-4017,"8468 Maple Dr, New York, IL 19311",16157.24,IT,Software Engineer,9,3
63579,David Mansour,nfxx2djj@datafactory.io,'+1-873-79-3088,"8261 Broadway, Dubai, IL 21978",64347.0,Marketing,Financial Analyst,29,5
112186,Fatima Hassan,yjx6xjud@gmail.com,'+1-882-88-1805,"570 Oak Ave, San Francisco, FL 76666",11487.87,IT,Project Manager,45,3
53226,Layla Davis,ow6rwk09@gmail.com,'+1-976-27-2796,"332 Maple Dr, Cyber-Metropolis, IL 31116",14368.16,HR,Data Analyst,22,3
72125,David Kamel,9uclrg3y@gmail.com,'+1-715-83-9752,"7834 Pine Rd, Neo-City, IL 42694",88890.25,IT,Project Manager,31,6
31652,Emma Anderson,s2lob7t1@outlook.com,'+1-615-10-9118,"8937 Oak Ave, Cairo, IL 41460",19279.31,HR,Data Analyst,16,3
120000,Layla Miller,irh3rhpo@datafactory.io,'+1-287-89-6549,"1450 Broadway, San Francisco, WA 58672",88323.57,Marketing,Software Engineer,49,6
119951,Frank Miller,hg795o9w@outlook.com,'+1-515-72-1888,"8157 Main St, Data-Haven, NY 98814",88222.27,Marketing,Data Analyst,50,6
38860,Frank Smith,zpw79ja6@yahoo.com,'+1-988-56-4043,"4561 Science Park, San Francisco, WA 29580",18614.3,HR,Financial Analyst,16,3
26762,Grace Thomas,wse7lse7@gmail.com,'+1-898-23-1094,"4653 Pine Rd, Neo-City, TX 95065",43681.78,Finance,Data Analyst,13,4
14867,Mariam Doe,icl5jsyy@example.com,'+1-993-22-8164,"3924 Oak Ave, Data-Haven, CA 54348",4774.18,HR,Software Engineer,8,2
93944,David Wilson,ioff87bh@solix-agent.ai,'+1-591-84-3848,"8649 Pine Rd, New York, NY 54777",88418.57,Finance,Financial Analyst,39,6
1200,Michael Thomas,bph5i9zg@example.com,'+1-536-94-2327,"4997 Broadway, Cairo, CA 13814",1000.0,IT,Consultant,1,1
106092,Fatima Kamel,v0o6slgk@yahoo.com,'+1-482-18-3487,"7429 Main St, London, WA 87468",35659.53,IT,Data Analyst,44,4
60831,Emma Johnson,zt04ayrg@solix-agent.ai,'+1-681-82-6149,"2434 Maple Dr, London, FL 28218",20783.49,IT,Financial Analyst,24,3
89953,Emma Hassan,cbiv8pj5@yahoo.com,'+1-800-86-6787,"956 Pine Rd, New York, FL 16987",24059.5,Marketing,Consultant,38,3
11000,Alice Anderson,t38loi3f@yahoo.com,'+1-902-69-6584,"2142 Maple Dr, Data-Haven, WA 44778",5272.31,IT,Financial Analyst,8,1
48322,Omar Miller,a3am5axe@example.com,'+1-702-32-3276,"9042 Pine Rd, Dubai, NY 55065",82645.11,Finance,Financial Analyst,21,6
103226,Mariam Hassan,hs18mao7@datafactory.io,'+1-645-53-1564,"5581 Maple Dr, Dubai, FL 35533",18354.3,IT,Software Engineer,42,3
109847,Jane Mansour,nly36pa5@example.com,'+1-746-21-7880,"409 Broadway, New York, FL 10745",90388.1,HR,Data Analyst,45,6
3109,Mariam Wilson,j9pfn00x@solix-agent.ai,'+1-401-52-8676,"5907 Pine Rd, San Francisco, CA 67908",38193.29,HR,Teacher,3,4
56333,Layla Hassan,9kpx7m8d@gmail.com,'+1-578-70-5046,"8906 Main St, Cairo, WA 14748",47245.66,Marketing,Teacher,25,4
62307,Michael Wilson,bsdls920@example.com,'+1-272-55-5925,"9361 Broadway, Cairo, NY 21376",41766.74,HR,Data Analyst,28,4
107327,Layla Brown,g0wequt0@yahoo.com,'+1-317-10-4415,"7509 Science Park, Cyber-Metropolis, WA 12112",45577.03,Finance,Financial Analyst,44,4
70715,Layla Anderson,64td16tt@gmail.com,'+1-898-85-8276,"8060 Science Park, Dubai, TX 40692",41965.01,IT,Consultant,33,4
45920,Layla Mansour,n7enhmxh@gmail.com,'+1-779-40-6353,"3556 Maple Dr, Dubai, WA 90098",35733.47,Marketing,Consultant,22,4
88583,Bob Thomas,bwsoc9c2@datafactory.io,'+1-679-64-1004,"8712 Broadway, Dubai, CA 17909",47528.32,IT,Teacher,36,4
28390,Frank Miller,0udlmprw@outlook.com,'+1-624-45-6128,"6723 Main St, Cairo, TX 44653",11388.41,IT,Teacher,10,2
1200,Layla Taylor,98i3cbpz@example.com,'+1-340-96-4506,"8996 Oak Ave, San Francisco, NY 32455",46241.04,Finance,Consultant,5,4
33585,Sarah Brown,z6fvied1@outlook.com,'+1-322-41-7827,"3000 Main St, Cyber-Metropolis, TX 42612",22993.93,HR,Data Analyst,17,3
42586,Omar Smith,ci55i1z1@datafactory.io,'+1-237-70-9016,"5474 Oak Ave, Dubai, WA 37898",42471.62,HR,Project Manager,20,5
98299,Michael Jackson,tlr9oel6@solix-agent.ai,'+1-848-89-7627,"922 Oak Ave, Data-Haven, IL 48961",97492.58,IT,Consultant,41,6
72737,John Doe,qo9fztsr@yahoo.com,'+1-634-78-3032,"6430 Science Park, London, IL 78661",52985.16,Marketing,Project Manager,35,5
94255,Amir Johnson,7cv5g4uw@datafactory.io,'+1-892-57-4992,"2386 Pine Rd, Cyber-Metropolis, WA 63410",44516.74,HR,Software Engineer,40,5
83983,Layla Jackson,nykt6ww3@gmail.com,'+1-332-49-8573,"5967 Broadway, Data-Haven, IL 98847",14818.92,Marketing,Software Engineer,37,3
80344,Layla Hassan,5xmokt8e@gmail.com,'+1-986-33-2978,"8737 Broadway, Dubai, WA 87824",15358.18,HR,Data Analyst,33,3
31080,Sarah Al-Farsi,q7tkkvfn@solix-agent.ai,'+1-230-81-1971,"3257 Pine Rd, Data-Haven, NY 13842",23446.22,Marketing,Teacher,16,3
83172,Bob Anderson,yzeiamk2@yahoo.com,'+1-358-54-5918,"9879 Broadway, London, TX 43766",34462.7,Finance,Consultant,36,4
52794,Sarah Smith,jll3k4oj@gmail.com,'+1-444-18-1056,"3693 Broadway, Neo-City, IL 75265",89725.06,Marketing,Project Manager,24,6
90961,Alice Mansour,i8q5ltjr@example.com,'+1-686-76-1308,"9334 Oak Ave, London, NY 77308",35987.32,Finance,Financial Analyst,37,4
26907,Charlie Taylor,g2uytmc0@datafactory.io,'+1-809-80-7620,"8295 Main St, Cyber-Metropolis, FL 63702",93771.8,Finance,Project Manager,11,6
45738,David Hassan,5gys4ga7@solix-agent.ai,'+1-828-76-9474,"5653 Broadway, Neo-City, IL 60658",92317.28,Marketing,Financial Analyst,22,6
98410,Bob Doe,qhgheqap@example.com,'+1-223-20-3696,"191 Oak Ave, San Francisco, WA 46141",53377.45,Finance,Software Engineer,41,5
44004,Youssef Wilson,pf0kypz6@solix-agent.ai,'+1-968-33-1466,"3077 Science Park, Cyber-Metropolis, TX 67867",46779.3,IT,Data Analyst,21,5
47095,David Hassan,ryn9zpze@outlook.com,'+1-915-52-9970,"1998 Pine Rd, New York, TX 22389",89671.38,Finance,Software Engineer,20,6
60736,Mariam Kamel,vqhoh77f@example.com,'+1-857-40-3102,"6952 Main St, Dubai, CA 20690",83923.12,HR,Teacher,26,6
72308,Jane Davis,7i51ofdw@datafactory.io,'+1-727-25-5465,"2896 Maple Dr, Dubai, FL 56916",42257.14,Marketing,Consultant,30,4
7914,Henry Jackson,k2lin4td@gmail.com,'+1-978-48-2055,"8304 Main St, Cairo, WA 38225",1000.0,IT,Project Manager,5,2
73557,Jane Mansour,5aox4qy0@solix-agent.ai,'+1-937-88-4058,"1626 Main St, Dubai, FL 65725",52987.53,Marketing,Software Engineer,26,5
91754,Emma Hassan,d747cwht@outlook.com,'+1-534-36-4046,"3411 Oak Ave, Neo-City, WA 16280",22740.44,HR,Financial Analyst,39,3
77217,Omar Hassan,3s7un6qh@solix-agent.ai,'+1-387-54-6642,"9745 Pine Rd, San Francisco, CA 14764",82893.26,HR,Software Engineer,33,6
23013,Alice Johnson,hk1azi99@gmail.com,'+1-395-57-4477,"1864 Main St, New York, NY 59583",36391.79,HR,Financial Analyst,11,4
104024,Alice Doe,3uhrtzxc@yahoo.com,'+1-621-23-3081,"8670 Maple Dr, Data-Haven, FL 69161",47253.86,Finance,Financial Analyst,44,5
1200,Amir Miller,rzhq9xd7@outlook.com,'+1-743-84-7809,"9110 Main St, London, NY 43600",2535.56,Finance,Financial Analyst,6,2
20493,Sarah Smith,cw64lbku@datafactory.io,'+1-413-19-7331,"9526 Maple Dr, London, TX 59746",36375.33,Marketing,Project Manager,9,4
108806,Sarah Davis,mngrokfx@yahoo.com,'+1-793-14-7625,"3596 Broadway, Cairo, NY 67413",81390.48,Marketing,Data Analyst,44,6
34717,Fatima Thomas,tax04qr1@example.com,'+1-505-51-4363,"9466 Maple Dr, San Francisco, TX 28032",84375.49,IT,Project Manager,16,6
51714,Layla Al-Farsi,r3qux2z7@solix-agent.ai,'+1-213-30-5540,"8765 Science Park, Cairo, FL 51364",18587.21,IT,Project Manager,25,3
41084,Emma Smith,66s3kp16@gmail.com,'+1-344-26-4074,"4384 Main St, Neo-City, FL 93401",83024.32,Marketing,Financial Analyst,20,6
53895,David Hassan,utsehsdv@datafactory.io,'+1-485-39-2038,"2691 Main St, New York, NY 29918",52325.6,Finance,Consultant,27,5
111742,Youssef Mansour,oa1t7t6s@datafactory.io,'+1-626-54-8804,"1930 Oak Ave, San Francisco, IL 92356",35972.74,HR,Financial Analyst,45,4
1200,Frank Jackson,hhnxl1e9@outlook.com,'+1-578-57-5978,"8687 Science Park, London, TX 89446",27300.71,Marketing,Financial Analyst,1,3
96522,Jane Jackson,xht4sxmw@gmail.com,'+1-309-86-9667,"236 Pine Rd, Neo-City, CA 21073",88537.09,IT,Data Analyst,42,6
1200,Layla Jackson,pgt3yukk@example.com,'+1-571-13-7381,"6290 Maple Dr, Dubai, IL 88873",58656.99,Finance,Software Engineer,0,5
120000,John Davis,xx87fwc7@solix-agent.ai,'+1-713-75-8817,"6801 Pine Rd, San Francisco, NY 32771",82863.15,Marketing,Financial Analyst,50,6
78623,Layla Kamel,w1cu6o2n@datafactory.io,'+1-593-72-6946,"6175 Science Park, Dubai, WA 19033",87481.63,Marketing,Financial Analyst,35,6
120000,Youssef Al-Farsi,a3jnfozh@example.com,'+1-956-83-1281,"5648 Oak Ave, Dubai, TX 81884",55242.82,Finance,Software Engineer,50,5
57929,Michael Johnson,6p3nyno0@gmail.com,'+1-753-53-9510,"7873 Oak Ave, San Francisco, CA 80127",85996.31,Marketing,Consultant,25,6
67947,Amir Taylor,q5ucophj@outlook.com,'+1-239-23-7769,"2222 Main St, Data-Haven, TX 78805",37140.33,Finance,Project Manager,28,4
43256,Bob Davis,b2wig9cp@solix-agent.ai,'+1-542-22-4254,"8286 Science Park, Dubai, TX 60770",42619.66,HR,Software Engineer,20,4
29366,David Kamel,qhm492c3@solix-agent.ai,'+1-858-35-4259,"6434 Pine Rd, Cyber-Metropolis, WA 23467",27216.12,Finance,Software Engineer,10,3
85784,John Hassan,gjzpnl21@example.com,'+1-273-91-1839,"1274 Broadway, Cyber-Metropolis, TX 81750",88183.22,Finance,Consultant,39,6
25723,Frank Thomas,wkdlaf9h@example.com,'+1-530-47-7360,"7357 Oak Ave, Cairo, IL 11710",1000.0,Finance,Project Manager,10,1
76180,Emma Hassan,g3bwnt3f@outlook.com,'+1-393-38-3079,"6447 Main St, Cyber-Metropolis, WA 23906",55605.89,Marketing,Consultant,35,5
115131,Michael Kamel,x1fexm5s@gmail.com,'+1-825-66-6314,"2526 Pine Rd, New York, FL 16780",57150.83,Marketing,Project Manager,48,5
89533,David Al-Farsi,4dof300o@example.com,'+1-702-14-9296,"1802 Oak Ave, Cairo, WA 30766",91983.06,Finance,Teacher,38,6
93127,Frank Taylor,qqetjpec@yahoo.com,'+1-617-68-1010,"6869 Science Park, San Francisco, NY 38729",37318.83,Marketing,Project Manager,39,4
79750,Michael Mansour,pcz2y1na@outlook.com,'+1-457-84-3132,"3826 Science Park, Dubai, WA 45554",52972.31,IT,Consultant,34,5
68599,Alice Anderson,0ooi12i4@solix-agent.ai,'+1-688-73-7872,"6231 Main St, Data-Haven, WA 78885",57022.34,IT,Data Analyst,33,5
118384,Bob Miller,7kpf3wqk@datafactory.io,'+1-321-23-5865,"2687 Broadway, New York, NY 52740",86793.52,Marketing,Teacher,46,6
47996,Grace Taylor,af161etm@outlook.com,'+1-292-56-1029,"4991 Oak Ave, New York, WA 61397",97449.36,Marketing,Consultant,23,6
43236,Amir Doe,p0zo1bb9@example.com,'+1-913-54-7968,"4990 Science Park, London, WA 28109",29369.21,Finance,Data Analyst,21,3
7220,Grace Wilson,u6j4yb2u@example.com,'+1-850-65-2048,"4266 Pine Rd, Dubai, NY 92824",34368.3,HR,Project Manager,4,4
71350,Charlie Wilson,919405lt@solix-agent.ai,'+1-277-45-1458,"6994 Oak Ave, Cyber-Metropolis, FL 73687",27969.44,Marketing,Data Analyst,32,3
80164,Frank Jackson,wmrji526@datafactory.io,'+1-768-33-8697,"1655 Oak Ave, New York, IL 73161",97888.63,IT,Teacher,35,6
104712,Amir Hassan,q0jgc84k@gmail.com,'+1-817-73-6184,"9390 Broadway, Dubai, CA 92068",31972.0,Finance,Software Engineer,46,4
43195,Grace Jackson,8fowivn8@datafactory.io,'+1-564-18-5863,"827 Maple Dr, Cyber-Metropolis, WA 88551",100000.0,Marketing,Software Engineer,19,6
41841,Alice Jackson,i24kbz1s@datafactory.io,'+1-708-90-2089,"7884 Oak Ave, Cyber-Metropolis, WA 57800",100000.0,IT,Financial Analyst,18,6
76308,Sarah Taylor,1covggjo@gmail.com,'+1-344-64-2480,"5886 Oak Ave, Cyber-Metropolis, TX 78300",100000.0,IT,Consultant,34,6
90509,Fatima Kamel,h0gbmu1b@datafactory.io,'+1-228-32-6965,"9092 Main St, London, WA 76058",100000.0,HR,Project Manager,42,6
34383,Omar Davis,hnecxx60@example.com,'+1-935-75-8252,"6718 Pine Rd, Data-Haven, WA 56544",96897.74,Finance,Consultant,16,6
104875,Charlie Mansour,9yvgbv0t@solix-agent.ai,'+1-526-13-2149,"6683 Main St, Dubai, CA 60586",99450.67,Finance,Financial Analyst,44,6
97900,Henry Wilson,nxce6eb2@datafactory.io,'+1-234-73-1451,"1346 Main St, London, WA 56060",94769.95,HR,Financial Analyst,42,6
68851,Emma Kamel,q95yjnkw@solix-agent.ai,'+1-893-50-1436,"3921 Science Park, New York, CA 79998",96734.79,HR,Software Engineer,33,6
19954,Grace Kamel,qtycht2f@outlook.com,'+1-624-97-4967,"3886 Broadway, Cairo, TX 63026",6529.59,Finance,Financial Analyst,8,2
55126,John Al-Farsi,oyzdbptb@outlook.com,'+1-256-74-3090,"6144 Oak Ave, Dubai, FL 35696",14751.21,Finance,Data Analyst,25,3
1200,John Hassan,8y9nlisd@example.com,'+1-336-42-3021,"2856 Pine Rd, Cairo, FL 25660",19656.45,Marketing,Consultant,1,3
4716,Amir Wilson,uvqgj65i@example.com,'+1-201-46-7161,"1144 Oak Ave, Neo-City, TX 83097",5945.0,Marketing,Consultant,8,1
17834,Frank Brown,mh77yzw4@solix-agent.ai,'+1-715-92-9125,"4494 Oak Ave, Cairo, WA 59234",31344.73,HR,Financial Analyst,8,4
91311,Amir Hassan,njig4omr@example.com,'+1-969-15-7155,"2854 Science Park, Neo-City, IL 70180",33462.97,Marketing,Financial Analyst,39,4
35149,Youssef Kamel,wqn4d3fu@outlook.com,'+1-971-67-9504,"6810 Science Park, New York, NY 41113",100000.0,IT,Software Engineer,16,6
5211,Charlie Jackson,ocopr81u@outlook.com,'+1-749-77-6236,"9708 Oak Ave, Data-Haven, NY 93183",1010.49,Marketing,Consultant,0,2
52145,Fatima Anderson,pr6h5dmc@yahoo.com,'+1-323-13-5362,"762 Pine Rd, Cairo, TX 22643",96725.27,Marketing,Financial Analyst,24,6
102882,Frank Anderson,bx1r8dpp@example.com,'+1-847-81-2328,"5452 Maple Dr, Dubai, IL 69894",29063.46,IT,Financial Analyst,42,4
84631,Bob Mansour,frlqy7bt@example.com,'+1-798-52-1326,"7298 Science Park, Dubai, NY 87909",30511.95,HR,Consultant,39,4
97403,Amir Taylor,31r7qj6e@example.com,'+1-961-92-2377,"5867 Main St, Cairo, IL 20755",99835.5,IT,Data Analyst,41,6
60335,Henry Doe,kg02olia@example.com,'+1-440-36-6672,"1300 Science Park, Cairo, WA 26990",32622.96,Marketing,Consultant,24,4
87646,Youssef Mansour,6eohe3ic@datafactory.io,'+1-569-48-8716,"3838 Main St, Data-Haven, TX 15903",56016.01,HR,Project Manager,38,5
80973,Bob Miller,2p65jolz@outlook.com,'+1-842-67-3275,"7334 Science Park, Dubai, IL 99568",53123.88,Marketing,Teacher,34,5
9268,Youssef Anderson,6n73jmxx@gmail.com,'+1-892-66-5289,"9898 Science Park, London, IL 85402",9242.82,IT,Consultant,2,2
117924,David Wilson,numgem42@solix-agent.ai,'+1-880-84-1366,"2343 Pine Rd, Cairo, WA 29475",93180.4,IT,Financial Analyst,49,6
81294,Sarah Johnson,rvprzagz@example.com,'+1-594-32-4176,"2182 Main St, Cairo, WA 23076",99430.11,Marketing,Consultant,36,6
99937,David Miller,wthhb0tu@example.com,'+1-348-75-7984,"7783 Maple Dr, Cairo, WA 69530",57584.72,Finance,Financial Analyst,43,5
100905,Alice Davis,gpdfhmu6@gmail.com,'+1-717-29-6071,"4004 Broadway, Cairo, TX 40155",90808.87,Finance,Project Manager,43,6
117082,Youssef Brown,4g9jk35t@yahoo.com,'+1-803-70-8027,"2785 Oak Ave, New York, NY 83928",32438.38,IT,Data Analyst,50,4
63617,Sarah Thomas,b12s09os@gmail.com,'+1-501-40-5286,"9900 Pine Rd, London, IL 26939",92029.09,IT,Project Manager,29,6
89686,Jane Anderson,3111qm03@solix-agent.ai,'+1-203-85-6005,"5037 Oak Ave, Cairo, NY 38234",19170.73,Finance,Software Engineer,37,3
72594,Sarah Thomas,svwi477t@yahoo.com,'+1-573-87-6609,"4648 Main St, Data-Haven, WA 76147",55510.28,Finance,Consultant,33,5
25235,Fatima Miller,c98hixg1@yahoo.com,'+1-910-50-3674,"5380 Oak Ave, Cyber-Metropolis, FL 72340",33864.34,Marketing,Consultant,11,4
41250,Youssef Jackson,zcrho9r0@example.com,'+1-857-67-7031,"6912 Maple Dr, Cairo, TX 84878",94513.45,Marketing,Data Analyst,18,6
87343,Youssef Miller,r25qmyp5@datafactory.io,'+1-608-18-7732,"6615 Science Park, Neo-City, TX 21003",31790.87,Finance,Project Manager,36,4
100263,Henry Smith,3utsxqoq@gmail.com,'+1-376-81-6174,"7611 Maple Dr, New York, TX 60856",92833.2,Marketing,Data Analyst,43,6
118051,Grace Hassan,eerz9yxg@example.com,'+1-292-70-8543,"3639 Oak Ave, Data-Haven, WA 14644",36194.78,Marketing,Financial Analyst,48,4
36538,Sarah Davis,qr4c0z0j@gmail.com,'+1-371-60-8001,"1269 Main St, Cyber-Metropolis, WA 81971",95718.61,HR,Consultant,16,6
25211,Layla Thomas,phwewlav@gmail.com,'+1-202-61-7611,"2507 Maple Dr, San Francisco, FL 17019",55656.6,Marketing,Consultant,9,5
115917,Bob Taylor,3mockbxe@gmail.com,'+1-798-49-1411,"1087 Oak Ave, San Francisco, WA 39110",95901.4,IT,Teacher,48,6
108856,Sarah Hassan,pq4dywv0@outlook.com,'+1-262-64-4447,"3716 Pine Rd, Cyber-Metropolis, TX 64651",15366.66,Marketing,Financial Analyst,46,3
20425,Michael Johnson,igpwr748@outlook.com,'+1-694-84-1072,"6881 Science Park, Data-Haven, TX 42549",96089.22,Marketing,Project Manager,11,6
40710,Layla Hassan,o8c73gt2@outlook.com,'+1-712-69-8348,"3250 Broadway, London, WA 15524",97712.7,Finance,Software Engineer,15,6
58246,Charlie Brown,ev6yw5hm@yahoo.com,'+1-678-47-4554,"2045 Main St, Cyber-Metropolis, TX 40397",9458.84,IT,Teacher,23,3
40608,Youssef Davis,2buvd87v@gmail.com,'+1-351-53-3334,"9521 Oak Ave, Dubai, TX 23723",79891.93,Marketing,Teacher,18,6
18614,Omar Mansour,agww8ww9@gmail.com,'+1-652-46-9011,"8659 Broadway, San Francisco, NY 63521",9060.77,Marketing,Data Analyst,7,2
68224,David Jackson,qxuxu7ar@solix-agent.ai,'+1-818-42-9116,"8128 Main St, Cairo, IL 71614",11534.51,HR,Project Manager,30,3
47645,Youssef Smith,x18wxts3@example.com,'+1-402-99-1871,"4489 Broadway, Cyber-Metropolis, FL 59852",52689.49,Marketing,Teacher,20,5
36760,Michael Smith,jxzbywv9@outlook.com,'+1-272-91-1174,"1913 Pine Rd, Data-Haven, NY 84605",8800.53,Marketing,Data Analyst,16,3
50199,Amir Smith,wti1sdlw@gmail.com,'+1-392-21-7031,"7502 Science Park, Dubai, NY 11683",15639.95,HR,Consultant,22,3
83362,Grace Hassan,72hssdsh@datafactory.io,'+1-279-50-7595,"4985 Main St, Neo-City, TX 74268",65809.63,Finance,Project Manager,36,6
31596,David Anderson,w4c0oa42@gmail.com,'+1-678-62-9408,"5537 Oak Ave, Dubai, WA 35548",46709.09,Marketing,Software Engineer,15,4
9576,Amir Wilson,3owzso7f@datafactory.io,'+1-539-24-4742,"3841 Broadway, Data-Haven, FL 44797",8326.04,HR,Software Engineer,5,3
11752,Jane Wilson,pi1oc1b4@solix-agent.ai,'+1-561-43-2358,"280 Broadway, Cairo, IL 35259",56310.11,IT,Financial Analyst,7,5
59260,Charlie Taylor,ezy7i72l@gmail.com,'+1-272-68-5949,"9858 Broadway, Dubai, FL 34267",73909.75,Finance,Project Manager,24,6
40596,Layla Johnson,7620oj6d@gmail.com,'+1-403-13-4800,"8726 Pine Rd, Cyber-Metropolis, NY 77421",14889.05,IT,Teacher,17,3
51556,Alice Kamel,8n7oqyle@example.com,'+1-434-41-7591,"3818 Pine Rd, Cyber-Metropolis, FL 53459",68360.17,IT,Data Analyst,24,6
30956,Charlie Johnson,bqcrexjy@solix-agent.ai,'+1-236-61-8487,"8865 Maple Dr, Dubai, IL 82449",74238.23,HR,Consultant,11,6
29889,Charlie Johnson,llbwlsbt@datafactory.io,'+1-817-84-5621,"3782 Broadway, Data-Haven, TX 64761",69595.57,Marketing,Data Analyst,14,6
59829,Mariam Kamel,raxs0tnx@gmail.com,'+1-796-56-1968,"3406 Broadway, New York, IL 32123",48022.8,HR,Teacher,25,5
96402,Emma Wilson,1tramvwi@solix-agent.ai,'+1-936-20-3009,"6996 Main St, San Francisco, IL 60553",46737.93,HR,Teacher,40,4
107372,Fatima Thomas,d3zm1z0d@solix-agent.ai,'+1-553-94-7401,"6781 Broadway, Neo-City, FL 50171",50797.88,HR,Data Analyst,44,5
59881,Youssef Miller,wcsz3lka@outlook.com,'+1-426-58-3381,"3287 Main St, San Francisco, NY 93825",46728.39,HR,Project Manager,25,4
116176,Sarah Hassan,8447ohig@solix-agent.ai,'+1-259-18-2523,"2144 Science Park, San Francisco, TX 98161",72016.54,Finance,Data Analyst,46,6
70959,Jane Mansour,mc01neek@example.com,'+1-951-61-1346,"3121 Pine Rd, Cyber-Metropolis, NY 61503",55023.81,Marketing,Teacher,31,4
26312,Jane Taylor,3lwv98i8@yahoo.com,'+1-976-88-3752,"6374 Maple Dr, Cyber-Metropolis, FL 52012",44984.96,IT,Data Analyst,9,4
32136,David Al-Farsi,bt0l2hux@outlook.com,'+1-200-68-5076,"1002 Main St, Neo-City, NY 60248",11555.63,IT,Project Manager,15,3
9134,Charlie Brown,50nd3uy3@datafactory.io,'+1-869-33-7439,"5265 Maple Dr, London, TX 33655",1425.62,Marketing,Consultant,6,1
33025,Mariam Mansour,fgvaq3t9@solix-agent.ai,'+1-339-56-2958,"7847 Science Park, London, CA 37249",64475.96,IT,Project Manager,16,6
44641,Frank Mansour,3c29evvd@datafactory.io,'+1-366-10-7167,"4423 Maple Dr, London, TX 36008",66981.67,Marketing,Data Analyst,22,6
61481,Omar Thomas,0w8bti4c@gmail.com,'+1-935-53-1036,"1590 Maple Dr, San Francisco, WA 67833",54765.02,IT,Software Engineer,25,5
56218,Frank Jackson,255hmvpz@example.com,'+1-812-50-4125,"7799 Oak Ave, San Francisco, TX 83407",68313.51,HR,Consultant,20,6
44506,David Thomas,0i0bo2vf@solix-agent.ai,'+1-405-33-2221,"5244 Maple Dr, Cyber-Metropolis, WA 17175",15449.29,IT,Consultant,21,3
10961,Alice Doe,cbdjy6yt@datafactory.io,'+1-933-73-1448,"5552 Broadway, Data-Haven, NY 46835",5946.82,Marketing,Data Analyst,6,1
26783,Jane Kamel,6ugkr1i7@example.com,'+1-665-32-7085,"9172 Pine Rd, Dubai, TX 29446",63212.54,Marketing,Data Analyst,13,6
29600,John Kamel,c1y58tc4@outlook.com,'+1-628-40-8636,"9988 Oak Ave, Data-Haven, CA 14478",72481.97,Marketing,Software Engineer,14,6
14960,Youssef Thomas,jbb818bv@example.com,'+1-284-57-3480,"8396 Science Park, Cyber-Metropolis, CA 40782",1000.0,Marketing,Data Analyst,6,1
11170,Henry Doe,r27gfbcf@yahoo.com,'+1-644-80-1778,"5552 Broadway, San Francisco, IL 26732",16338.82,Marketing,Financial Analyst,8,3
115210,Jane Jackson,1gcqa4cm@gmail.com,'+1-996-18-4057,"2388 Broadway, Data-Haven, NY 77936",77809.56,Finance,Software Engineer,50,6
116352,John Thomas,nadgz1l3@outlook.com,'+1-898-13-4075,"2647 Broadway, Cairo, WA 10453",70680.99,Finance,Project Manager,47,6
13460,Jane Mansour,pyk4l7xd@outlook.com,'+1-856-68-1507,"1768 Maple Dr, New York, IL 80191",41353.93,IT,Data Analyst,7,4
120000,Charlie Anderson,5jeydn0e@solix-agent.ai,'+1-635-24-6212,"4914 Oak Ave, London, FL 49533",73732.26,Marketing,Consultant,49,6
48603,Alice Johnson,ll7n4ko0@yahoo.com,'+1-557-89-7091,"6871 Broadway, Dubai, CA 12076",17373.58,IT,Software Engineer,22,3
63219,Grace Mansour,tlfgscuz@yahoo.com,'+1-666-30-4824,"1245 Broadway, San Francisco, IL 62891",18244.24,Marketing,Data Analyst,28,3
40769,Amir Kamel,7q6nxm09@yahoo.com,'+1-560-17-5222,"3473 Broadway, Data-Haven, IL 83823",80604.65,Marketing,Consultant,17,6
58175,Fatima Al-Farsi,auv4kjzp@yahoo.com,'+1-810-86-4897,"4510 Oak Ave, London, IL 88037",81203.08,Finance,Data Analyst,30,6
63935,Bob Smith,7esifrn1@outlook.com,'+1-900-89-7796,"7041 Broadway, Cyber-Metropolis, TX 68467",78367.95,Finance,Teacher,29,6
87661,Sarah Al-Farsi,17qyzmhd@example.com,'+1-847-32-7672,"2676 Broadway, Cairo, NY 27193",54323.53,HR,Project Manager,38,5
78959,John Johnson,o8nt4ddd@datafactory.io,'+1-988-94-4438,"2369 Science Park, London, WA 14969",83350.4,Finance,Data Analyst,34,6
44250,Michael Anderson,4izwvncs@gmail.com,'+1-943-10-7923,"7891 Oak Ave, Data-Haven, CA 33958",78298.62,HR,Teacher,17,6
91978,Sarah Johnson,1fknqgjn@gmail.com,'+1-333-83-6786,"3983 Science Park, New York, TX 55614",38960.75,HR,Software Engineer,41,4
93795,Frank Taylor,u1khnx1e@yahoo.com,'+1-549-77-6668,"4090 Main St, New York, NY 42246",39834.24,HR,Software Engineer,38,4
34981,David Anderson,qc3aax3a@datafactory.io,'+1-346-70-1488,"6653 Oak Ave, Cyber-Metropolis, WA 99658",13397.1,HR,Project Manager,16,3
26305,Grace Johnson,0ub36q6e@datafactory.io,'+1-919-77-2842,"7855 Oak Ave, Neo-City, FL 56776",77970.47,HR,Software Engineer,13,6
70845,Omar Davis,lvfp0zrj@datafactory.io,'+1-958-36-3852,"749 Main St, New York, FL 61204",80236.31,IT,Software Engineer,30,6
50239,John Al-Farsi,hjov0rkw@datafactory.io,'+1-868-76-2118,"3189 Broadway, Cairo, NY 45395",40852.13,Finance,Teacher,23,4
81680,Omar Anderson,4fqkb81e@gmail.com,'+1-935-25-5048,"8830 Maple Dr, Neo-City, TX 45973",77942.79,HR,Consultant,34,6
99075,Layla Miller,9j3qzt73@datafactory.io,'+1-695-56-9992,"7587 Maple Dr, Dubai, TX 23494",12945.41,Marketing,Project Manager,43,3
102784,Henry Johnson,od5my27s@outlook.com,'+1-844-76-7388,"4384 Science Park, London, NY 80827",53756.05,Finance,Software Engineer,44,5
79110,Charlie Kamel,dyv9gynw@yahoo.com,'+1-342-86-1389,"4006 Main St, London, NY 18515",75536.98,Finance,Project Manager,33,6
1200,Omar Wilson,bcujmwag@solix-agent.ai,'+1-540-32-5083,"2507 Broadway, San Francisco, FL 47100",56466.06,HR,Teacher,2,5
85126,Michael Wilson,ti0fd9jv@outlook.com,'+1-535-49-5321,"1683 Main St, Dubai, NY 82080",54314.85,IT,Consultant,36,5
90987,Bob Anderson,h91n97c0@example.com,'+1-629-71-7049,"4220 Pine Rd, Neo-City, IL 97894",74955.49,HR,Consultant,42,6
97494,Omar Thomas,al8azken@solix-agent.ai,'+1-227-58-1205,"6396 Broadway, London, NY 33474",12821.01,IT,Consultant,39,3
60307,Layla Taylor,bsu4zxg9@outlook.com,'+1-559-80-8667,"6341 Maple Dr, New York, TX 85588",17689.8,Marketing,Project Manager,25,3
58779,Grace Hassan,ymag5q5p@outlook.com,'+1-859-13-5980,"6491 Maple Dr, Dubai, CA 54314",52097.41,Finance,Teacher,22,5
106014,Grace Kamel,h40oycpm@example.com,'+1-900-80-2557,"7106 Main St, New York, NY 55123",77054.05,Marketing,Consultant,43,6
83046,Emma Johnson,xeeh7ycc@solix-agent.ai,'+1-544-79-4911,"6325 Main St, Neo-City, CA 35234",42314.65,IT,Teacher,38,4
32048,Bob Doe,n6ep7i87@yahoo.com,'+1-248-23-9153,"8667 Broadway, Dubai, TX 48021",63825.3,IT,Software Engineer,14,6
114243,Sarah Jackson,6n8to6ry@gmail.com,'+1-308-64-8288,"6074 Science Park, Cyber-Metropolis, CA 43004",72785.31,Marketing,Teacher,48,6
8741,Omar Brown,0sv24ycu@datafactory.io,'+1-589-85-2564,"5557 Science Park, Dubai, NY 18586",9812.79,IT,Teacher,3,2
58791,Amir Brown,5co4fx7m@yahoo.com,'+1-562-95-2929,"116 Pine Rd, Neo-City, NY 18588",49974.59,Marketing,Project Manager,28,5
42581,Charlie Brown,wim4d7bx@gmail.com,'+1-538-33-9892,"4854 Broadway, New York, CA 30259",50796.04,Finance,Consultant,21,5
48575,Youssef Anderson,gpabhbjs@solix-agent.ai,'+1-243-26-9597,"8384 Broadway, New York, FL 30784",47317.93,Marketing,Software Engineer,24,4
24803,David Brown,tzk77oo8@solix-agent.ai,'+1-897-95-1484,"7398 Pine Rd, Dubai, WA 86872",14049.2,Finance,Teacher,12,3
37137,Layla Mansour,bwaltncb@gmail.com,'+1-840-83-6417,"5356 Broadway, Cairo, NY 15888",33234.05,Marketing,Teacher,17,4
68081,Charlie Miller,f6r1yroe@gmail.com,'+1-912-36-2961,"6555 Main St, Cairo, CA 67405",75714.45,IT,Project Manager,32,6
39118,Frank Davis,glt858ox@gmail.com,'+1-748-42-7404,"9179 Oak Ave, Cairo, FL 66212",11386.28,Marketing,Consultant,15,3
106537,Amir Thomas,3y4imm0y@example.com,'+1-242-10-9915,"5344 Broadway, London, FL 29452",55922.03,IT,Consultant,44,5
98031,Bob Al-Farsi,8q98pje8@datafactory.io,'+1-836-67-2267,"1682 Broadway, Dubai, IL 84678",39638.16,Marketing,Software Engineer,41,4
107264,Youssef Brown,vmmgr801@example.com,'+1-307-61-2074,"6071 Oak Ave, Dubai, NY 14332",67273.63,Marketing,Financial Analyst,43,6
3020,Fatima Taylor,sn9hbekz@gmail.com,'+1-584-24-3686,"7972 Pine Rd, San Francisco, CA 66660",40652.28,HR,Project Manager,1,4
74062,Jane Doe,xomiaiqd@outlook.com,'+1-661-75-8985,"1145 Broadway, Cairo, IL 31703",75149.4,IT,Consultant,34,6
89217,Amir Miller,69qhrgzu@datafactory.io,'+1-791-63-9650,"938 Science Park, Cairo, NY 48715",79107.82,HR,Project Manager,41,6
71440,Fatima Wilson,fruti5lq@outlook.com,'+1-503-66-5089,"2664 Main St, Cyber-Metropolis, WA 81388",40467.86,IT,Consultant,33,4
72117,Emma Doe,21s169ct@gmail.com,'+1-868-46-6439,"9872 Main St, Cairo, WA 18652",50817.63,HR,Teacher,29,4
22022,Omar Brown,6rzwebyk@example.com,'+1-264-97-3320,"1928 Science Park, London, IL 93425",79250.1,Finance,Teacher,12,6
27436,Amir Wilson,9qzbhm13@example.com,'+1-946-99-2429,"672 Broadway, Cairo, IL 73907",53262.64,Marketing,Software Engineer,12,4
41511,Amir Anderson,6l2aygkl@outlook.com,'+1-842-89-6050,"5901 Oak Ave, Neo-City, NY 64414",72603.58,IT,Financial Analyst,17,6
71460,Grace Brown,6c365o5c@yahoo.com,'+1-826-63-1336,"8063 Oak Ave, Cyber-Metropolis, NY 48108",17509.54,IT,Project Manager,31,3
71276,Mariam Kamel,d6nykuzf@outlook.com,'+1-631-34-1350,"9015 Broadway, Data-Haven, FL 34726",80702.3,Marketing,Software Engineer,31,6
79691,Alice Mansour,7dsduoib@datafactory.io,'+1-982-33-3402,"8447 Science Park, New York, TX 45956",89093.9,IT,Financial Analyst,34,6
90558,Michael Miller,qc8x0zpo@gmail.com,'+1-289-62-2841,"689 Oak Ave, San Francisco, WA 92128",49629.61,IT,Financial Analyst,38,4
113310,Jane Davis,xcsl07l1@solix-agent.ai,'+1-570-56-2177,"1251 Pine Rd, Neo-City, WA 77342",16516.49,HR,Financial Analyst,45,3
60876,Jane Al-Farsi,hx5lm3xu@yahoo.com,'+1-249-62-4508,"1144 Pine Rd, Data-Haven, WA 70053",33711.82,IT,Software Engineer,28,4
118297,Jane Jackson,jfbu70x4@gmail.com,'+1-297-41-2922,"3447 Main St, Neo-City, IL 49163",55034.82,Finance,Project Manager,48,5
58306,Michael Johnson,yx08cjjl@gmail.com,'+1-265-35-7360,"4678 Oak Ave, Dubai, CA 79719",38415.8,Finance,Project Manager,28,4
94018,Alice Mansour,0cyf6l2d@datafactory.io,'+1-491-78-5706,"4225 Broadway, London, NY 10881",35295.86,Marketing,Teacher,43,4
31294,Bob Al-Farsi,vj7eu5gx@yahoo.com,'+1-547-74-1484,"1300 Maple Dr, Neo-City, FL 55112",45342.71,IT,Software Engineer,15,4
103813,Alice Thomas,76kww499@gmail.com,'+1-772-46-6674,"1399 Pine Rd, San Francisco, NY 72530",23846.25,Marketing,Consultant,43,3
