employee_id,employee_name,email,phone_number,job_title,department,salary,years_of_experience,performance_rating,last_review_date
1,0,104ksagb@outlook.com,+1-904-67-5798,Technical Writer,Research and Development,12881,25,Needs Improvement,2026-07-14
2,0,y2iopebt@solix-agent.ai,+1-884-44-7399,Software Engineer,Finance,13411,24,Poor,2020-03-21
3,0,o6mxsfr1@gmail.com,+1-600-48-7858,UX Designer,Research and Development,15899,30,Excellent,2025-03-02
4,0,pwyadqgk@example.com,+1-710-56-2443,UX Designer,Operations,16361,12,Needs Improvement,2026-09-28
5,0,a7e2lnj9@gmail.com,+1-952-86-9295,IT Support Specialist,Finance,7333,3,Excellent,2020-08-15
6,0,5zqtmksf@gmail.com,+1-405-54-8104,Software Engineer,Finance,9415,8,Good,2015-10-10
7,0,wy48xd8o@outlook.com,+1-883-39-9703,Data Scientist,Research and Development,5143,1,Excellent,2024-01-16
8,0,m0zpq1rm@yahoo.com,+1-688-95-1698,Product Manager,Finance,16479,14,Needs Improvement,2018-02-04
9,0,0coagowa@example.com,+1-715-97-8983,Technical Writer,HR,4035,0,Good,2017-07-25
10,0,598r3s03@yahoo.com,+1-904-53-3798,IT Support Specialist,Operations,15136,23,Fair,2019-11-16
11,0,gusrn2y7@example.com,+1-714-51-6403,DevOps Engineer,Operations,6440,3,Fair,2017-05-27
12,0,fylq5q5c@solix-agent.ai,+1-423-84-5605,Technical Writer,Sales,18650,22,Good,2026-12-15
13,0,t2egzklp@datafactory.io,+1-600-67-8773,Product Manager,HR,4066,4,Good,2021-12-15
14,0,vl6fnyg0@outlook.com,+1-286-60-9007,Technical Writer,IT,15154,14,Poor,2026-01-27
15,0,yymiqf7e@gmail.com,+1-578-29-1392,Technical Writer,IT,19333,30,Excellent,2018-05-15
16,0,kyo2bodc@yahoo.com,+1-616-38-9620,Software Engineer,Marketing,16011,30,Excellent,2021-06-26
17,0,mlq1u7ez@solix-agent.ai,+1-770-98-9749,Product Manager,Finance,13279,28,Needs Improvement,2026-05-25
18,0,sp67ypaj@datafactory.io,+1-667-88-4814,IT Support Specialist,Operations,12146,11,Needs Improvement,2017-01-28
19,0,vzuhxyj1@outlook.com,+1-442-11-3372,Data Scientist,Marketing,14538,12,Excellent,2023-03-24
20,0,vlaidj5c@yahoo.com,+1-469-98-9015,Software Engineer,Finance,12356,12,Poor,2020-11-25
21,0,07t5eukd@yahoo.com,+1-418-21-9795,Product Manager,HR,13691,16,Poor,2021-06-03
22,0,w9v2sjmi@datafactory.io,+1-453-25-7336,Software Engineer,Operations,17398,12,Needs Improvement,2017-01-27
23,0,k3og7wlx@gmail.com,+1-812-42-5250,Quality Assurance Engineer,HR,4515,0,Poor,2022-11-05
24,0,gbn5bbyb@gmail.com,+1-446-74-5708,UX Designer,Finance,18917,22,Needs Improvement,2016-02-13
25,0,omc4dveo@gmail.com,+1-385-58-1390,Data Scientist,HR,13873,26,Poor,2023-01-25
26,0,g77kzqz0@solix-agent.ai,+1-263-10-9799,Product Manager,IT,18839,19,Poor,2020-03-07
27,0,dqivatbt@datafactory.io,+1-893-51-5482,IT Support Specialist,Operations,17328,24,Fair,2016-04-20
28,0,1ojlu63h@outlook.com,+1-980-52-9270,Product Manager,Marketing,5250,3,Good,2026-01-06
29,0,n4zzl4jp@datafactory.io,+1-260-24-8128,Software Engineer,Operations,13511,26,Fair,2017-07-20
30,0,jonvrash@gmail.com,+1-519-69-5953,Software Engineer,HR,11847,6,Good,2024-03-22
31,0,i4v6ksml@outlook.com,+1-405-13-5474,UX Designer,Operations,15511,15,Fair,2020-04-16
32,0,rne6l2jv@example.com,+1-200-21-7190,Quality Assurance Engineer,Sales,5636,3,Excellent,2016-08-03
33,0,f127zk80@yahoo.com,+1-918-41-4322,IT Support Specialist,HR,8274,9,Excellent,2021-02-16
34,0,o5ja6sp7@datafactory.io,+1-773-54-8303,UX Designer,HR,13569,15,Excellent,2022-01-09
35,0,kz82nwaq@example.com,+1-209-17-3155,Software Engineer,Sales,11992,9,Good,2025-06-26
36,0,atdqmx14@yahoo.com,+1-781-36-1382,Software Engineer,IT,19856,13,Needs Improvement,2018-08-17
37,0,gu3mu04h@solix-agent.ai,+1-276-61-6928,UX Designer,Sales,14950,13,Poor,2024-09-27
38,0,lpxwidve@solix-agent.ai,+1-472-45-9868,DevOps Engineer,IT,12952,22,Poor,2019-05-23
39,0,pbaiixmf@yahoo.com,+1-549-59-3504,IT Support Specialist,Research and Development,9941,9,Fair,2026-06-14
40,0,91xakk1x@example.com,+1-504-96-9826,Data Scientist,Marketing,18782,11,Excellent,2019-03-08
41,0,9aclmcg2@outlook.com,+1-789-43-4676,Technical Writer,IT,19142,21,Excellent,2015-08-05
42,0,kjkxokz5@gmail.com,+1-566-52-4501,IT Support Specialist,IT,14158,17,Fair,2017-10-02
43,0,bbjarwyh@outlook.com,+1-495-61-5404,DevOps Engineer,Operations,11296,5,Fair,2019-06-16
44,0,q2pvkiey@yahoo.com,+1-532-51-5449,Data Scientist,Sales,11818,8,Fair,2016-01-24
45,0,t023k62f@example.com,+1-608-48-8708,IT Support Specialist,HR,8592,6,Fair,2021-02-04
46,0,ekymktra@datafactory.io,+1-323-46-8968,DevOps Engineer,IT,8126,7,Good,2016-02-02
47,0,id029dss@datafactory.io,+1-253-13-5784,Data Scientist,Sales,13510,15,Good,2024-02-04
48,0,rm74cta2@yahoo.com,+1-995-36-9558,Product Manager,Research and Development,18641,25,Good,2022-01-04
49,0,8x9bey0v@outlook.com,+1-817-20-8533,Quality Assurance Engineer,Operations,17184,12,Fair,2021-11-05
50,0,bj6mappf@yahoo.com,+1-790-52-7025,Technical Writer,HR,16914,10,Fair,2023-04-02
51,0,adp9fs6m@gmail.com,+1-860-26-7011,DevOps Engineer,HR,13911,13,Poor,2024-04-12
52,0,m5ud4xsn@gmail.com,+1-470-38-4266,UX Designer,Research and Development,14085,15,Needs Improvement,2025-11-16
53,0,1msf0o6t@solix-agent.ai,+1-295-58-7805,Data Scientist,Sales,18701,26,Fair,2026-01-14
54,0,z306ufpg@yahoo.com,+1-810-75-6034,UX Designer,HR,14929,27,Excellent,2022-02-13
55,0,6u6bxg20@yahoo.com,+1-634-53-6903,Quality Assurance Engineer,Finance,13967,19,Fair,2021-12-13
56,0,trc9z828@outlook.com,+1-693-63-4115,UX Designer,Marketing,17114,27,Fair,2025-01-18
57,0,polfc959@outlook.com,+1-858-38-2548,Technical Writer,IT,8900,8,Needs Improvement,2024-06-07
58,0,cv8qal85@outlook.com,+1-895-95-4758,Quality Assurance Engineer,Research and Development,14583,25,Needs Improvement,2019-03-01
59,0,4wabsntr@gmail.com,+1-710-75-1811,IT Support Specialist,Sales,7636,4,Needs Improvement,2018-01-12
60,0,5e4p3aof@outlook.com,+1-612-45-6948,DevOps Engineer,Research and Development,11315,9,Poor,2018-10-05
61,0,iu8hhp6u@gmail.com,+1-851-18-7844,IT Support Specialist,Finance,4880,1,Poor,2023-09-19
62,0,rfxfavbr@outlook.com,+1-502-24-4736,Product Manager,Finance,13352,30,Poor,2016-08-18
63,0,5preg8v0@example.com,+1-213-44-7456,DevOps Engineer,Marketing,13311,16,Good,2018-07-22
64,0,qdx2px2t@solix-agent.ai,+1-715-90-3515,Product Manager,IT,19453,26,Good,2026-11-28
65,0,4qekaftj@gmail.com,+1-331-96-5453,DevOps Engineer,Research and Development,19172,11,Poor,2020-02-13
66,0,bj5jfnm1@example.com,+1-479-84-6608,Technical Writer,Research and Development,19800,17,Excellent,2023-01-13
67,0,lvlz0j9f@example.com,+1-412-84-3419,Product Manager,Research and Development,17680,20,Poor,2016-11-16
68,0,6d4pscr6@solix-agent.ai,+1-538-95-3941,IT Support Specialist,Sales,14437,24,Needs Improvement,2016-08-16
69,0,c6pxxfvm@gmail.com,+1-364-99-1970,DevOps Engineer,Sales,15990,18,Fair,2022-12-28
70,0,i35gskhf@solix-agent.ai,+1-342-43-5493,Software Engineer,Marketing,18689,21,Poor,2015-07-02
71,0,b48qu21a@example.com,+1-732-79-5216,Product Manager,IT,13873,12,Excellent,2018-07-12
72,0,7jfwsyz2@solix-agent.ai,+1-411-13-9754,Technical Writer,IT,19624,28,Excellent,2015-03-14
73,0,vlcmg2h8@gmail.com,+1-939-97-4323,IT Support Specialist,Operations,6864,0,Good,2016-01-25
74,0,2e9bd7gu@solix-agent.ai,+1-569-21-9779,IT Support Specialist,Research and Development,13305,15,Excellent,2024-03-14
75,0,3ys6699f@outlook.com,+1-430-30-2166,UX Designer,HR,12636,22,Needs Improvement,2015-05-23
76,0,sftnju9i@gmail.com,+1-713-98-4897,Technical Writer,Sales,16083,11,Fair,2017-02-01
77,0,fhlbwabl@datafactory.io,+1-508-80-7795,DevOps Engineer,Finance,12090,15,Poor,2026-10-17
78,0,5mrav05q@example.com,+1-290-78-4708,IT Support Specialist,IT,18727,15,Good,2018-05-26
79,0,dt3dvfiy@yahoo.com,+1-307-88-7486,Quality Assurance Engineer,HR,18422,19,Good,2025-04-01
80,0,cfpkeoxq@example.com,+1-606-52-8952,Product Manager,Research and Development,19451,22,Excellent,2017-04-16
81,0,bvyda35x@solix-agent.ai,+1-862-80-8741,Technical Writer,Marketing,3064,0,Good,2020-09-25
82,0,ox0k6tgt@gmail.com,+1-996-96-3093,Quality Assurance Engineer,Operations,9814,7,Excellent,2023-04-09
83,0,zb5dq279@yahoo.com,+1-780-50-2688,Technical Writer,IT,7044,3,Poor,2023-06-18
84,0,z8ipyh26@gmail.com,+1-503-57-9450,Data Scientist,Marketing,15043,14,Poor,2016-03-18
85,0,hza9l5d4@example.com,+1-963-48-3488,IT Support Specialist,Research and Development,15280,12,Fair,2019-08-17
86,0,pdd02ibl@yahoo.com,+1-956-14-6958,Data Scientist,Marketing,12739,27,Poor,2016-01-09
87,0,defcqg9o@outlook.com,+1-617-12-8373,Data Scientist,Finance,17441,28,Fair,2026-04-16
88,0,re0lmnfm@example.com,+1-280-59-6806,Software Engineer,Finance,5215,4,Good,2026-07-22
89,0,iqzhp1f9@datafactory.io,+1-820-64-1822,IT Support Specialist,Research and Development,13979,17,Good,2026-02-27
90,0,xjxd9hgj@example.com,+1-735-79-3828,Product Manager,IT,19736,21,Excellent,2020-12-12
91,0,ocq2gt0l@solix-agent.ai,+1-665-23-4018,DevOps Engineer,HR,5845,2,Fair,2024-11-08
92,0,t7awks4s@gmail.com,+1-376-39-5195,Software Engineer,HR,10313,8,Poor,2026-04-23
93,0,q679kyi7@outlook.com,+1-334-89-9388,Quality Assurance Engineer,Sales,19757,29,Needs Improvement,2015-06-12
94,0,v8wpv1t6@yahoo.com,+1-831-28-4219,IT Support Specialist,Sales,19648,11,Needs Improvement,2018-12-04
95,0,pfbzfmg6@solix-agent.ai,+1-514-61-8918,Data Scientist,HR,17925,26,Poor,2015-01-03
96,0,kqwlce33@yahoo.com,+1-967-63-8890,Quality Assurance Engineer,Sales,6524,0,Excellent,2026-12-07
97,0,zpx10l3c@solix-agent.ai,+1-471-19-3822,Software Engineer,Sales,10675,8,Fair,2021-02-14
98,0,i6uz5o3f@solix-agent.ai,+1-350-84-5153,IT Support Specialist,HR,12275,27,Poor,2019-03-27
99,0,99jgs8ry@solix-agent.ai,+1-953-71-7880,Data Scientist,Finance,3782,4,Excellent,2015-03-04
100,0,qgxc2atp@gmail.com,+1-535-58-3486,Product Manager,Research and Development,12712,11,Needs Improvement,2023-12-01
101,0,ih8ypvt6@solix-agent.ai,+1-551-86-5373,IT Support Specialist,Research and Development,7726,1,Poor,2020-06-19
102,0,erly8d2y@gmail.com,+1-344-21-5575,Technical Writer,Operations,16566,20,Fair,2026-01-18
103,0,bfcyrcua@yahoo.com,+1-297-71-2675,Product Manager,Operations,9387,8,Poor,2018-12-09
104,0,c61xk7fl@datafactory.io,+1-246-66-3368,Technical Writer,IT,5467,1,Fair,2018-09-23
105,0,mmr7xqr5@solix-agent.ai,+1-569-91-1317,Software Engineer,Operations,14061,24,Poor,2021-07-21
106,0,eh478rmq@gmail.com,+1-351-98-3422,Data Scientist,Sales,17539,26,Good,2026-12-22
107,0,0j3f7scb@gmail.com,+1-428-72-6267,UX Designer,IT,15649,14,Excellent,2024-08-04
108,0,zmse1svb@solix-agent.ai,+1-575-63-2370,DevOps Engineer,Marketing,16227,24,Needs Improvement,2017-06-23
109,0,h7joosi1@datafactory.io,+1-204-49-5266,DevOps Engineer,Sales,5443,1,Fair,2017-07-05
110,0,rdl62ezm@example.com,+1-282-22-4042,Product Manager,Finance,16772,25,Poor,2026-12-09
111,0,ckatka5k@datafactory.io,+1-975-40-5921,Quality Assurance Engineer,Marketing,16582,17,Needs Improvement,2018-05-19
112,0,rwb9gk5j@solix-agent.ai,+1-775-43-3225,Quality Assurance Engineer,Marketing,4945,2,Excellent,2021-07-12
113,0,fifih8fl@outlook.com,+1-382-93-3726,IT Support Specialist,Finance,15488,15,Good,2019-05-09
114,0,edtuyef5@outlook.com,+1-802-44-8289,Quality Assurance Engineer,IT,3006,1,Poor,2021-07-10
115,0,wfsnt962@datafactory.io,+1-350-85-9996,Quality Assurance Engineer,Marketing,16664,18,Good,2018-10-16
116,0,3mehmy73@outlook.com,+1-596-19-9479,Quality Assurance Engineer,Research and Development,12860,27,Poor,2015-08-15
117,0,jp10h9ob@datafactory.io,+1-509-48-3232,Software Engineer,Operations,16863,23,Poor,2026-05-26
118,0,ci1rf8xr@gmail.com,+1-794-52-1305,UX Designer,Sales,18177,29,Poor,2019-07-18
119,0,29t4tluu@example.com,+1-302-68-2497,Software Engineer,HR,18334,15,Poor,2015-10-19
120,0,fvbg05li@gmail.com,+1-828-86-1152,Product Manager,IT,19878,12,Poor,2019-08-05
121,0,rbo40r5g@yahoo.com,+1-663-79-9753,Software Engineer,Finance,6621,1,Needs Improvement,2020-08-02
122,0,987qxbrr@solix-agent.ai,+1-567-52-2728,Software Engineer,IT,15850,22,Good,2016-08-02
123,0,s9ra1meo@example.com,+1-994-60-2981,Quality Assurance Engineer,Sales,16738,11,Poor,2016-04-02
124,0,3rpnbr3q@outlook.com,+1-712-62-5092,Product Manager,Research and Development,6499,0,Fair,2016-09-02
125,0,ztka42mr@gmail.com,+1-410-53-4150,Product Manager,Marketing,17120,27,Needs Improvement,2024-05-06
126,0,05jez6dk@solix-agent.ai,+1-804-19-9053,Product Manager,Marketing,14538,24,Fair,2021-02-08
127,0,36okbl72@yahoo.com,+1-976-58-4046,Product Manager,Operations,19291,22,Excellent,2023-11-02
128,0,gbgbvu2z@datafactory.io,+1-521-66-1743,Product Manager,Finance,10747,5,Good,2025-06-10
129,0,v9dtwl9m@example.com,+1-892-35-9691,Product Manager,HR,16301,20,Needs Improvement,2016-05-13
130,0,c1vcxnc0@outlook.com,+1-944-94-1877,Technical Writer,Marketing,15310,14,Fair,2017-07-08
131,0,jh4ccx9n@yahoo.com,+1-925-80-6958,Software Engineer,IT,19586,14,Good,2024-03-06
132,0,pb6lc89s@example.com,+1-939-70-7896,Product Manager,Operations,12186,11,Good,2018-01-07
133,0,toyj51ln@outlook.com,+1-727-39-4929,Quality Assurance Engineer,Sales,10631,6,Fair,2018-11-03
134,0,5ts09tz1@yahoo.com,+1-765-40-3986,Data Scientist,Operations,9204,8,Good,2025-08-18
135,0,vfcrmsb3@datafactory.io,+1-597-54-3539,UX Designer,Research and Development,19010,10,Needs Improvement,2025-09-10
136,0,l22o12k5@solix-agent.ai,+1-673-28-9800,IT Support Specialist,Sales,16445,11,Good,2019-03-07
137,0,qo722lvs@gmail.com,+1-242-97-9704,UX Designer,IT,8315,6,Good,2021-03-24
138,0,iej46xkf@example.com,+1-345-52-5461,Quality Assurance Engineer,Operations,14637,15,Good,2020-07-06
139,0,4qqi37mp@gmail.com,+1-459-14-8728,IT Support Specialist,Sales,11807,5,Fair,2020-09-12
140,0,3dxyd2xq@datafactory.io,+1-298-68-6985,IT Support Specialist,IT,6628,0,Excellent,2017-06-18
141,0,acaamyhg@example.com,+1-222-68-8843,IT Support Specialist,IT,8988,5,Good,2016-06-23
142,0,hifas0wc@datafactory.io,+1-901-83-9122,Technical Writer,HR,10867,7,Excellent,2024-02-27
143,0,a7yc5ww2@gmail.com,+1-327-71-9322,IT Support Specialist,IT,18889,28,Excellent,2024-10-11
144,0,39co4za6@datafactory.io,+1-963-74-6616,Technical Writer,Research and Development,19212,23,Poor,2020-05-21
145,0,fbvychkt@yahoo.com,+1-202-87-9633,Software Engineer,Operations,13583,21,Excellent,2018-03-10
146,0,ucvcxw0x@datafactory.io,+1-436-25-6037,DevOps Engineer,IT,8745,6,Poor,2022-02-15
147,0,k4j25ivy@datafactory.io,+1-398-19-3533,Software Engineer,Research and Development,6313,3,Excellent,2020-07-10
148,0,2tdeche0@solix-agent.ai,+1-888-59-5036,IT Support Specialist,HR,17789,16,Needs Improvement,2021-12-02
149,0,vv1winhb@yahoo.com,+1-911-84-7207,UX Designer,HR,18897,27,Poor,2019-04-05
150,0,3xxzw5ma@solix-agent.ai,+1-938-68-7259,Quality Assurance Engineer,Marketing,11487,7,Good,2021-04-16
151,0,h08a0cwe@gmail.com,+1-732-57-1374,Product Manager,Research and Development,8078,7,Fair,2022-03-07
152,0,1h0808nn@outlook.com,+1-825-48-1857,Technical Writer,IT,19982,26,Excellent,2026-08-22
153,0,8eduxy1w@datafactory.io,+1-301-82-6607,Data Scientist,Operations,13216,20,Good,2016-11-06
154,0,nsr7mage@outlook.com,+1-847-38-9484,Quality Assurance Engineer,Operations,18470,17,Poor,2020-01-08
155,0,yonfalct@datafactory.io,+1-699-29-6218,UX Designer,Marketing,16062,20,Excellent,2017-10-16
156,0,wuwpbhnk@datafactory.io,+1-270-71-5631,Product Manager,Research and Development,8559,5,Poor,2023-12-25
157,0,rhj90vqg@datafactory.io,+1-209-71-4924,Software Engineer,Research and Development,17001,17,Good,2020-10-08
158,0,mnz6gihi@example.com,+1-210-37-8353,Software Engineer,Operations,16188,17,Excellent,2026-01-10
159,0,xv3i8etb@yahoo.com,+1-286-10-8093,Software Engineer,Sales,15403,10,Poor,2021-06-17
160,0,zo0onpbq@outlook.com,+1-628-90-2774,Data Scientist,Operations,11207,7,Excellent,2026-08-10
161,0,lylb8g3o@outlook.com,+1-200-73-8246,Data Scientist,Research and Development,15118,12,Poor,2024-10-09
162,0,d6xpdm0v@gmail.com,+1-702-79-3383,Technical Writer,Marketing,19476,19,Fair,2022-02-01
163,0,pt6n1r5l@datafactory.io,+1-510-81-9620,Data Scientist,Marketing,9500,9,Excellent,2017-02-28
164,0,jecgd7f5@solix-agent.ai,+1-257-41-8805,IT Support Specialist,Sales,9913,9,Fair,2017-05-14
165,0,jxkf2gca@outlook.com,+1-752-66-1270,Software Engineer,Marketing,15884,20,Excellent,2024-11-23
166,0,hmi9xgi0@solix-agent.ai,+1-251-68-8881,Quality Assurance Engineer,Research and Development,14363,19,Needs Improvement,2021-02-03
167,0,i3d7klhm@yahoo.com,+1-241-65-4646,DevOps Engineer,Research and Development,17116,27,Excellent,2023-06-10
168,0,g2mass2b@solix-agent.ai,+1-359-96-3136,IT Support Specialist,Sales,16350,15,Good,2025-10-14
169,0,1ujdazfy@datafactory.io,+1-814-38-2355,Quality Assurance Engineer,HR,18556,17,Fair,2023-05-02
170,0,8ttr5888@solix-agent.ai,+1-912-28-1138,Technical Writer,Operations,13402,28,Poor,2022-03-06
171,0,gp7k08vz@solix-agent.ai,+1-703-39-1352,Product Manager,Sales,12923,13,Poor,2016-05-28
172,0,yolxtxxx@yahoo.com,+1-741-37-2031,UX Designer,IT,9079,9,Fair,2016-05-09
173,0,mqwcmyb1@outlook.com,+1-320-31-7749,Product Manager,HR,12204,15,Needs Improvement,2025-04-23
174,0,x01ccbxh@yahoo.com,+1-808-75-5441,Product Manager,Research and Development,6393,1,Poor,2022-01-27
175,0,q9jt145q@outlook.com,+1-362-38-3301,Product Manager,Operations,19226,20,Needs Improvement,2019-01-20
176,0,2hzvc0wr@example.com,+1-452-84-9396,UX Designer,Sales,11214,9,Fair,2021-02-05
177,0,biu4ukuk@example.com,+1-719-94-9114,IT Support Specialist,Sales,18704,15,Poor,2025-09-16
178,0,ja34o5ys@outlook.com,+1-844-29-8844,Software Engineer,Marketing,17311,26,Good,2023-11-07
179,0,fptypa0e@datafactory.io,+1-661-13-1661,Data Scientist,Operations,18247,19,Fair,2016-08-13
180,0,dc1srjmo@example.com,+1-836-53-3202,Product Manager,HR,15005,10,Fair,2023-04-02
181,0,rsxrgf2p@yahoo.com,+1-982-88-9561,IT Support Specialist,Sales,16690,26,Fair,2026-07-08
182,0,q1gkaucj@gmail.com,+1-592-40-8281,Software Engineer,Research and Development,5093,4,Poor,2018-11-28
183,0,ni4ci8wi@solix-agent.ai,+1-411-95-9141,UX Designer,Marketing,14015,20,Excellent,2023-02-18
184,0,0prscr0e@solix-agent.ai,+1-871-11-6686,Product Manager,Research and Development,11793,7,Excellent,2019-08-28
185,0,oeabmk6l@gmail.com,+1-602-11-6803,Data Scientist,Sales,18192,19,Needs Improvement,2015-06-16
186,0,cobf5y0q@outlook.com,+1-746-15-9089,Data Scientist,IT,9409,6,Excellent,2020-07-07
187,0,blmoomfh@yahoo.com,+1-469-28-9499,Product Manager,Sales,14823,10,Good,2023-06-20
188,0,3gx1u5ss@outlook.com,+1-870-23-6080,DevOps Engineer,HR,19885,15,Good,2022-10-01
189,0,50vkrrpc@yahoo.com,+1-942-63-7604,DevOps Engineer,Research and Development,6946,0,Fair,2016-09-20
190,0,x677rc7l@outlook.com,+1-229-47-8602,Data Scientist,IT,16242,27,Needs Improvement,2019-05-05
191,0,i7ujjj1m@yahoo.com,+1-664-65-1960,Technical Writer,Research and Development,18661,13,Excellent,2015-05-23
192,0,ohvgadqn@solix-agent.ai,+1-797-20-7922,Quality Assurance Engineer,IT,14538,27,Excellent,2016-08-20
193,0,x81yz0jl@yahoo.com,+1-824-11-6141,Data Scientist,Research and Development,4370,2,Needs Improvement,2021-10-20
194,0,55n3nzsj@gmail.com,+1-286-14-7772,DevOps Engineer,Operations,12891,10,Poor,2024-10-08
195,0,4un20oze@yahoo.com,+1-782-81-7090,UX Designer,Finance,4813,1,Excellent,2022-02-26
196,0,nwocwl9k@outlook.com,+1-814-56-2054,Software Engineer,Marketing,7662,4,Good,2022-07-09
197,0,gpwu9aza@gmail.com,+1-449-90-2394,Software Engineer,Research and Development,19091,14,Needs Improvement,2021-11-22
198,0,yeqxncpq@solix-agent.ai,+1-435-54-8389,IT Support Specialist,Sales,14188,10,Excellent,2020-10-11
199,0,yebdeq7u@gmail.com,+1-730-77-3122,Product Manager,IT,5860,2,Excellent,2016-05-12
200,0,ncu9oghe@gmail.com,+1-677-51-8654,Technical Writer,Research and Development,11757,5,Good,2020-03-12
201,0,0bkzzerf@yahoo.com,+1-434-10-9844,Software Engineer,Operations,10351,5,Good,2018-06-07
202,0,k2n09s89@outlook.com,+1-496-72-9990,Quality Assurance Engineer,Finance,8209,8,Poor,2022-01-27
203,0,396uc5qj@example.com,+1-650-94-1956,Product Manager,HR,19296,28,Excellent,2018-10-20
204,0,cx0ryki0@example.com,+1-736-82-4376,UX Designer,Finance,17869,27,Poor,2025-09-12
205,0,szlyox3u@yahoo.com,+1-389-55-6509,Data Scientist,Research and Development,18818,21,Fair,2020-12-27
206,0,yuzz6kcr@outlook.com,+1-954-83-8432,Product Manager,Operations,4900,4,Poor,2021-09-02
207,0,113e2lyc@gmail.com,+1-771-66-8037,Software Engineer,Marketing,16769,27,Good,2015-04-08
208,0,g8pquxss@yahoo.com,+1-229-83-3288,Quality Assurance Engineer,Finance,16835,12,Good,2019-11-24
209,0,9bhcu663@example.com,+1-793-54-4640,Product Manager,Research and Development,19832,19,Poor,2022-06-05
210,0,uipgq53b@yahoo.com,+1-295-66-5943,Software Engineer,Marketing,11180,7,Needs Improvement,2018-08-17
211,0,5iwgtjz7@yahoo.com,+1-934-39-5287,Data Scientist,Sales,16898,13,Needs Improvement,2022-12-21
212,0,tqxf9v4v@datafactory.io,+1-834-50-5508,Software Engineer,HR,19584,16,Poor,2015-02-05
213,0,o4jqyvhi@outlook.com,+1-370-40-9900,Quality Assurance Engineer,Operations,12547,29,Good,2024-11-27
214,0,222n7pvz@outlook.com,+1-592-42-4103,DevOps Engineer,HR,15291,17,Poor,2022-11-10
215,0,gx25jc4r@outlook.com,+1-593-41-6512,Data Scientist,Operations,12062,20,Good,2026-01-17
216,0,ektbfulu@gmail.com,+1-409-17-7879,IT Support Specialist,Marketing,16318,16,Fair,2022-12-04
217,0,v8eghkeq@example.com,+1-530-50-9878,Data Scientist,Research and Development,18882,26,Needs Improvement,2016-01-21
218,0,lip3ov58@outlook.com,+1-749-61-1748,DevOps Engineer,Marketing,13632,27,Good,2017-02-24
219,0,psp7140y@gmail.com,+1-582-41-9708,UX Designer,Operations,13764,13,Poor,2017-10-15
220,0,ym1up5wc@yahoo.com,+1-395-74-8938,Software Engineer,HR,16943,18,Needs Improvement,2016-01-09
221,0,f2cimfj9@solix-agent.ai,+1-965-30-2631,Technical Writer,HR,17854,28,Needs Improvement,2023-06-25
222,0,cc5y15ah@example.com,+1-413-58-6826,DevOps Engineer,Research and Development,9417,6,Fair,2021-05-17
223,0,5tpy0ekg@example.com,+1-305-72-5918,Quality Assurance Engineer,HR,11632,9,Needs Improvement,2019-12-05
224,0,cy6bckq0@outlook.com,+1-340-57-4957,Technical Writer,Research and Development,10269,8,Fair,2015-02-23
225,0,su1awyla@gmail.com,+1-961-84-5379,IT Support Specialist,Sales,16407,24,Excellent,2023-04-16
226,0,n5u9ve2d@outlook.com,+1-290-53-4787,Quality Assurance Engineer,Sales,14684,11,Good,2018-12-08
227,0,xyafefti@outlook.com,+1-992-24-4950,IT Support Specialist,IT,11516,5,Good,2024-05-04
228,0,f7ukrbi8@gmail.com,+1-326-85-5281,Quality Assurance Engineer,Research and Development,4009,2,Poor,2026-01-05
229,0,31wym8gc@datafactory.io,+1-512-84-5997,Data Scientist,Research and Development,12368,17,Needs Improvement,2018-09-06
230,0,6uonmv8p@yahoo.com,+1-991-55-7216,Product Manager,Sales,19423,13,Excellent,2015-06-16
231,0,f9fw9jqm@yahoo.com,+1-541-65-5847,DevOps Engineer,HR,13957,18,Poor,2025-12-04
232,0,i3p22ncb@solix-agent.ai,+1-203-13-2262,Quality Assurance Engineer,Sales,9845,9,Excellent,2019-08-09
233,0,w3noskzs@datafactory.io,+1-952-81-1283,Product Manager,HR,6295,0,Needs Improvement,2022-12-09
234,0,jpfrw99h@example.com,+1-923-96-8209,IT Support Specialist,Marketing,16123,27,Poor,2020-05-11
235,0,e5ymntj5@gmail.com,+1-688-15-3847,Product Manager,Operations,16578,23,Excellent,2024-06-12
236,0,7grozq3u@solix-agent.ai,+1-572-42-9992,Data Scientist,Research and Development,12216,13,Fair,2019-01-18
237,0,ib6moyhz@datafactory.io,+1-673-52-4469,Product Manager,Marketing,5757,2,Needs Improvement,2019-06-23
238,0,w2ntgu3r@example.com,+1-225-47-8613,Software Engineer,Research and Development,7692,1,Excellent,2026-04-21
239,0,6flfaytd@datafactory.io,+1-605-76-6080,DevOps Engineer,HR,13326,26,Needs Improvement,2016-07-10
240,0,rp9klbs3@solix-agent.ai,+1-681-84-5795,UX Designer,IT,13132,27,Excellent,2017-04-26
241,0,1hua8foi@datafactory.io,+1-763-38-2873,Quality Assurance Engineer,Marketing,16792,18,Needs Improvement,2024-09-23
242,0,ff4i2qou@solix-agent.ai,+1-710-91-7903,Product Manager,Research and Development,17093,20,Good,2018-08-18
243,0,z4ic9ihx@yahoo.com,+1-470-81-2211,Software Engineer,Finance,19230,27,Good,2025-09-05
244,0,la2kruio@datafactory.io,+1-761-42-8414,IT Support Specialist,Sales,19611,14,Excellent,2020-12-21
245,0,i7hy9h0f@gmail.com,+1-790-89-1217,UX Designer,Finance,10144,5,Poor,2020-08-11
246,0,j9ljh5dc@example.com,+1-875-14-5670,Data Scientist,IT,15965,10,Needs Improvement,2025-07-25
247,0,fmtza3sg@yahoo.com,+1-743-85-6013,Quality Assurance Engineer,HR,12261,19,Needs Improvement,2021-08-15
248,0,9shvl33k@example.com,+1-706-80-6373,IT Support Specialist,Marketing,15034,26,Needs Improvement,2020-06-13
249,0,9cull2ea@solix-agent.ai,+1-953-95-1732,DevOps Engineer,Research and Development,8970,5,Fair,2024-12-28
250,0,zt2ghg54@outlook.com,+1-217-14-9250,Quality Assurance Engineer,IT,13214,24,Good,2015-12-24
251,0,d5cq16qr@solix-agent.ai,+1-878-81-8360,Software Engineer,HR,10726,5,Needs Improvement,2021-07-16
252,0,shv7ozds@solix-agent.ai,+1-916-80-2212,Data Scientist,HR,17806,28,Poor,2017-04-22
253,0,1olklp8a@example.com,+1-320-30-5235,Product Manager,IT,17185,22,Good,2018-05-08
254,0,mp7509oo@gmail.com,+1-337-72-4176,Technical Writer,Research and Development,5083,1,Fair,2020-02-19
255,0,qkyczov7@yahoo.com,+1-533-79-1095,Data Scientist,HR,12710,26,Needs Improvement,2018-07-10
256,0,z8bps2lq@example.com,+1-453-44-4889,IT Support Specialist,IT,18359,23,Needs Improvement,2024-11-03
257,0,kce16hx5@solix-agent.ai,+1-584-56-5469,Quality Assurance Engineer,Research and Development,16962,21,Fair,2024-08-01
258,0,48bgxz3d@solix-agent.ai,+1-933-55-7681,Product Manager,HR,13845,11,Fair,2026-09-13
259,0,lg3tx8nt@solix-agent.ai,+1-546-48-9655,Quality Assurance Engineer,IT,3998,3,Needs Improvement,2025-03-22
260,0,51k2tvfv@datafactory.io,+1-731-47-3379,IT Support Specialist,Research and Development,11214,9,Fair,2026-09-28
261,0,dtsgu6cn@outlook.com,+1-317-85-5535,IT Support Specialist,Sales,14763,25,Excellent,2017-10-04
262,0,168yfrs5@gmail.com,+1-586-33-5540,Software Engineer,IT,9214,5,Excellent,2020-09-15
263,0,48eulnq7@example.com,+1-900-67-1770,DevOps Engineer,HR,13370,16,Fair,2025-12-15
264,0,899pxhkf@example.com,+1-220-40-2151,Software Engineer,IT,15995,20,Poor,2024-04-01
265,0,vsc7mo1m@yahoo.com,+1-935-17-5625,UX Designer,Research and Development,15879,14,Fair,2025-01-22
266,0,mekq3ldf@datafactory.io,+1-638-78-3107,Product Manager,Research and Development,5294,1,Needs Improvement,2025-02-28
267,0,dzl6lr2p@example.com,+1-735-72-6727,IT Support Specialist,Sales,12244,13,Excellent,2025-12-21
268,0,0g3mijp5@solix-agent.ai,+1-618-45-4135,Product Manager,HR,4131,1,Good,2020-11-26
269,0,mxcimegx@outlook.com,+1-999-16-1428,Technical Writer,HR,13724,22,Good,2023-02-13
270,0,nbg5f83o@example.com,+1-243-78-5709,Product Manager,Research and Development,14735,12,Good,2015-09-28
271,0,o5et3r1v@solix-agent.ai,+1-737-66-3985,Software Engineer,Finance,18756,27,Good,2019-06-15
272,0,b7cyy8rj@outlook.com,+1-890-11-4100,Software Engineer,Sales,13881,25,Needs Improvement,2023-11-22
273,0,0l7u5b2b@gmail.com,+1-352-29-3477,IT Support Specialist,Operations,17760,11,Needs Improvement,2022-01-04
274,0,ig251e4d@datafactory.io,+1-726-77-5368,Data Scientist,HR,18207,17,Poor,2018-12-13
275,0,6nwbi3lj@datafactory.io,+1-663-12-4196,Product Manager,Marketing,16120,17,Fair,2015-06-27
276,0,2r8lixvj@outlook.com,+1-573-15-9754,Data Scientist,Operations,15255,16,Good,2018-09-13
277,0,hdiblcwd@gmail.com,+1-549-16-8835,Data Scientist,Finance,5500,1,Poor,2015-09-08
278,0,jkuq9xag@datafactory.io,+1-605-35-7519,Data Scientist,IT,14469,22,Poor,2015-09-25
279,0,acdvuapx@datafactory.io,+1-251-40-8522,Technical Writer,HR,16674,10,Needs Improvement,2021-09-12
280,0,nnnuhl1d@gmail.com,+1-733-82-4751,DevOps Engineer,IT,13198,13,Good,2016-03-11
281,0,5rmiff2e@gmail.com,+1-845-30-5637,UX Designer,IT,8203,5,Excellent,2017-10-27
282,0,ck5u1ond@solix-agent.ai,+1-913-39-4092,IT Support Specialist,Operations,18841,15,Excellent,2021-06-03
283,0,168bv0oi@example.com,+1-472-30-7605,DevOps Engineer,Marketing,13494,12,Poor,2018-01-18
284,0,fm9mwen9@solix-agent.ai,+1-706-41-7753,Data Scientist,Finance,6721,2,Needs Improvement,2020-01-20
285,0,gjoshens@example.com,+1-867-79-8633,DevOps Engineer,Finance,16686,12,Fair,2015-12-17
286,0,ohizpdsc@example.com,+1-810-38-5791,Technical Writer,Research and Development,17655,30,Good,2025-06-11
287,0,dr89irpu@yahoo.com,+1-916-78-5738,UX Designer,Sales,17249,29,Poor,2015-02-24
288,0,w1qi0126@yahoo.com,+1-669-28-5256,Data Scientist,Operations,8362,5,Good,2022-03-04
289,0,xyurq1ya@yahoo.com,+1-814-95-4496,Technical Writer,Sales,3294,2,Good,2023-04-02
290,0,1tb8k32r@yahoo.com,+1-978-92-8972,Data Scientist,Operations,10517,5,Poor,2016-01-07
291,0,d5p2lmov@gmail.com,+1-616-59-8521,Quality Assurance Engineer,HR,6422,2,Fair,2023-01-11
292,0,hn0a9uyc@example.com,+1-640-82-5269,Software Engineer,Marketing,12279,24,Excellent,2020-04-26
293,0,tdgybbrz@gmail.com,+1-876-13-8296,IT Support Specialist,HR,7689,4,Needs Improvement,2015-04-26
294,0,eil0il53@yahoo.com,+1-586-15-5005,Quality Assurance Engineer,Sales,3324,4,Excellent,2021-11-02
295,0,dy1eph8z@solix-agent.ai,+1-618-39-5833,Software Engineer,Sales,13846,15,Fair,2020-12-04
296,0,oiswe6sw@gmail.com,+1-420-75-8240,UX Designer,Marketing,12606,27,Excellent,2020-02-15
297,0,fxwasgvy@example.com,+1-539-39-3655,Product Manager,HR,13632,28,Fair,2026-08-25
298,0,q0xg80lz@example.com,+1-929-33-1935,IT Support Specialist,Finance,5362,2,Good,2019-11-23
299,0,y9etk372@gmail.com,+1-339-24-2985,Quality Assurance Engineer,Research and Development,10001,6,Fair,2019-04-23
300,0,yid91ven@outlook.com,+1-920-15-6774,DevOps Engineer,Finance,13568,27,Needs Improvement,2015-03-09
301,0,fj08z78i@outlook.com,+1-965-74-4465,DevOps Engineer,Research and Development,11662,7,Needs Improvement,2025-06-05
302,0,cfrh0o37@outlook.com,+1-976-15-4559,Software Engineer,HR,9863,6,Excellent,2023-04-28
303,0,rs9qwwg1@gmail.com,+1-499-94-4690,Quality Assurance Engineer,HR,13094,22,Good,2018-08-05
304,0,y3f71hav@outlook.com,+1-599-28-3498,Quality Assurance Engineer,Marketing,13285,18,Needs Improvement,2016-02-15
305,0,4ewxre02@yahoo.com,+1-520-20-5894,UX Designer,Marketing,8570,5,Good,2025-10-17
306,0,o6x8p30b@example.com,+1-529-19-2841,IT Support Specialist,Finance,9656,9,Good,2015-08-17
307,0,lwz5oz1f@gmail.com,+1-774-95-7662,Data Scientist,IT,19105,24,Fair,2019-03-22
308,0,5xrbrhvy@solix-agent.ai,+1-592-93-8187,Technical Writer,Sales,15457,29,Poor,2020-02-11
309,0,cvflxa9g@solix-agent.ai,+1-253-20-6245,UX Designer,IT,4042,0,Good,2017-04-08
310,0,d13l9ww0@datafactory.io,+1-209-47-7682,DevOps Engineer,HR,12262,11,Needs Improvement,2017-11-24
311,0,739e1smx@yahoo.com,+1-312-16-3998,Data Scientist,Finance,18448,11,Poor,2026-06-06
312,0,cjfhq7mh@outlook.com,+1-922-92-4831,Data Scientist,Research and Development,14964,24,Fair,2023-06-08
313,0,25u2qy4c@example.com,+1-865-93-9206,IT Support Specialist,Research and Development,5955,2,Fair,2016-10-12
314,0,pq4w2lvn@outlook.com,+1-892-63-6686,Data Scientist,Marketing,10618,5,Fair,2025-08-24
315,0,jeyry86w@datafactory.io,+1-843-51-8024,IT Support Specialist,HR,8785,8,Poor,2023-05-25
316,0,brb9xc4u@solix-agent.ai,+1-237-11-8275,Product Manager,HR,18739,15,Needs Improvement,2026-01-10
317,0,sfuy46ru@datafactory.io,+1-884-83-6524,Technical Writer,Research and Development,14670,30,Good,2015-08-10
318,0,q4ohthvv@example.com,+1-624-46-9074,UX Designer,Operations,9239,8,Excellent,2016-04-11
319,0,8o0t7vt4@example.com,+1-442-57-1181,Quality Assurance Engineer,Research and Development,17665,19,Good,2016-05-04
320,0,j6q7c985@solix-agent.ai,+1-482-47-5263,Software Engineer,IT,17991,23,Fair,2020-08-01
321,0,s7xw0wpd@yahoo.com,+1-257-67-2755,Technical Writer,Finance,13742,20,Needs Improvement,2025-11-06
322,0,xkeuqtlb@datafactory.io,+1-957-12-6072,UX Designer,Marketing,4073,1,Poor,2023-04-27
323,0,3zo41mnu@datafactory.io,+1-973-75-7049,Data Scientist,HR,17661,23,Poor,2024-09-01
324,0,5l963oa4@outlook.com,+1-633-59-3495,Product Manager,IT,9899,7,Poor,2020-05-13
325,0,9ru2pqdi@datafactory.io,+1-410-10-9139,UX Designer,IT,13003,20,Poor,2026-06-02
326,0,85s7x8a0@gmail.com,+1-602-66-9900,IT Support Specialist,Research and Development,13538,30,Poor,2017-03-01
327,0,keh6rb7o@gmail.com,+1-376-84-7210,UX Designer,Finance,19529,20,Good,2026-06-13
328,0,vrwo9bvv@gmail.com,+1-435-87-1573,DevOps Engineer,Finance,15069,28,Needs Improvement,2022-12-03
329,0,vsrn04wf@gmail.com,+1-298-49-5563,Quality Assurance Engineer,Operations,15433,20,Good,2024-07-28
330,0,41dbmxuy@solix-agent.ai,+1-365-31-1879,Quality Assurance Engineer,HR,13880,22,Needs Improvement,2020-06-17
331,0,18fjg04o@solix-agent.ai,+1-922-96-6017,DevOps Engineer,Research and Development,9726,7,Poor,2024-06-25
332,0,2gqsl21q@datafactory.io,+1-663-94-9948,Quality Assurance Engineer,IT,6610,2,Fair,2018-11-12
333,0,tn9elv08@yahoo.com,+1-806-91-9012,Data Scientist,HR,7062,4,Excellent,2019-08-23
334,0,8xovbptj@solix-agent.ai,+1-740-25-4330,IT Support Specialist,Sales,14918,20,Fair,2024-01-08
335,0,1qecdm2j@solix-agent.ai,+1-489-96-3268,Software Engineer,IT,18120,29,Fair,2020-12-08
336,0,m2l7obnn@example.com,+1-511-73-6338,Software Engineer,Marketing,10916,7,Good,2017-12-03
337,0,c2kdv8c8@solix-agent.ai,+1-722-56-9374,Software Engineer,Research and Development,11518,9,Good,2019-05-06
338,0,bt1hgb3e@example.com,+1-530-91-4262,Quality Assurance Engineer,Finance,17843,19,Fair,2015-01-04
339,0,1q36wmzb@datafactory.io,+1-949-27-8158,Technical Writer,Sales,14974,17,Good,2016-10-17
340,0,a3jlmtjz@gmail.com,+1-825-99-5922,Technical Writer,Marketing,19102,16,Poor,2022-05-25
341,0,hwurm8v1@solix-agent.ai,+1-703-12-2264,Software Engineer,Sales,15047,27,Fair,2017-12-27
342,0,xuuxwayn@yahoo.com,+1-764-83-4995,IT Support Specialist,Marketing,3274,0,Fair,2024-05-13
343,0,7e7ibmp7@datafactory.io,+1-583-65-7437,Data Scientist,Operations,18369,21,Excellent,2025-09-06
344,0,6kiw8dxz@solix-agent.ai,+1-821-63-3316,IT Support Specialist,Finance,7008,3,Needs Improvement,2017-04-20
345,0,8k50q5ab@solix-agent.ai,+1-903-83-2254,Data Scientist,Sales,18756,17,Poor,2024-09-11
346,0,u451jai8@gmail.com,+1-491-34-5843,IT Support Specialist,Research and Development,15851,12,Good,2024-10-08
347,0,hcjdfhjg@datafactory.io,+1-271-26-4190,Software Engineer,Research and Development,19850,19,Needs Improvement,2026-11-18
348,0,097nrdf8@solix-agent.ai,+1-747-64-6568,Software Engineer,Research and Development,19062,29,Needs Improvement,2021-02-12
349,0,x8r6yvha@example.com,+1-817-83-6469,Quality Assurance Engineer,IT,4091,2,Good,2019-09-19
350,0,rgvky3tk@gmail.com,+1-282-77-5580,Product Manager,Finance,14295,27,Good,2024-09-06
351,0,7p87b2dl@example.com,+1-514-82-6303,Quality Assurance Engineer,Research and Development,12224,30,Excellent,2023-01-02
352,0,jjrevl27@yahoo.com,+1-805-44-2723,Software Engineer,Finance,9509,9,Excellent,2025-05-22
353,0,tw5qtgx1@datafactory.io,+1-284-10-6861,Software Engineer,Research and Development,9127,6,Excellent,2017-09-23
354,0,uns73kkd@solix-agent.ai,+1-427-26-5392,IT Support Specialist,Operations,11049,9,Fair,2021-11-15
355,0,mowv01ey@solix-agent.ai,+1-419-10-1007,UX Designer,IT,3465,3,Fair,2026-05-21
356,0,p09qfvp4@solix-agent.ai,+1-835-40-5009,Product Manager,HR,12695,16,Excellent,2015-07-06
357,0,n6y7gp8b@gmail.com,+1-734-49-1889,IT Support Specialist,HR,17697,19,Good,2020-06-07
358,0,sxjxum54@outlook.com,+1-316-51-2423,Quality Assurance Engineer,Sales,15998,15,Fair,2024-05-02
359,0,sqfja6vy@gmail.com,+1-413-27-7001,Software Engineer,HR,7486,1,Good,2023-03-18
360,0,xz9imjmk@solix-agent.ai,+1-281-73-3625,DevOps Engineer,Sales,19050,19,Fair,2017-08-13
361,0,6uu7s3ye@yahoo.com,+1-647-35-2667,Data Scientist,HR,4466,2,Excellent,2020-09-28
362,0,gir3aqr8@gmail.com,+1-386-60-2551,UX Designer,HR,17934,11,Fair,2025-01-24
363,0,u7no3g9v@datafactory.io,+1-585-37-4038,Product Manager,Finance,17477,23,Excellent,2017-01-26
364,0,zdgrip2j@datafactory.io,+1-769-43-3161,Data Scientist,HR,8729,7,Excellent,2016-11-02
365,0,15b09dk0@example.com,+1-382-24-6069,DevOps Engineer,Marketing,12528,25,Fair,2020-06-19
366,0,ha9frrer@datafactory.io,+1-234-25-3913,IT Support Specialist,Finance,17117,14,Fair,2015-09-13
367,0,brux4wsm@example.com,+1-682-25-3780,UX Designer,Operations,19397,21,Fair,2024-04-04
368,0,7jk9u2pm@example.com,+1-298-41-5488,Quality Assurance Engineer,Marketing,9850,5,Fair,2016-11-06
369,0,tvrzcsd2@datafactory.io,+1-311-23-9914,Software Engineer,Marketing,14636,30,Good,2015-04-15
370,0,ur4pcn1v@example.com,+1-665-22-6635,Technical Writer,HR,15619,21,Poor,2020-07-10
371,0,1sc5fhqk@solix-agent.ai,+1-654-54-4862,Data Scientist,Sales,7032,0,Poor,2022-09-26
372,0,tgq5nt11@yahoo.com,+1-299-69-1705,Technical Writer,Research and Development,19151,12,Good,2020-01-21
373,0,iivx02u0@solix-agent.ai,+1-529-31-7234,Product Manager,HR,14868,30,Fair,2020-08-27
374,0,4dhtob1x@datafactory.io,+1-550-47-4360,UX Designer,Marketing,12349,24,Poor,2023-04-24
375,0,14kit71m@solix-agent.ai,+1-210-26-6664,Software Engineer,HR,15968,12,Good,2019-09-20
376,0,go7cv1bx@outlook.com,+1-694-77-4220,Technical Writer,Operations,12883,13,Needs Improvement,2017-12-19
377,0,kjqx73b9@datafactory.io,+1-705-88-8331,DevOps Engineer,IT,10979,9,Fair,2021-11-14
378,0,o2pspzgh@datafactory.io,+1-222-83-6753,Software Engineer,Sales,16713,20,Good,2026-06-09
379,0,qjk02q4y@outlook.com,+1-703-86-9632,Technical Writer,Research and Development,17130,14,Fair,2017-07-04
380,0,6ttxnzq6@example.com,+1-272-29-4370,Data Scientist,Operations,12728,12,Good,2021-11-14
381,0,tguld1k0@datafactory.io,+1-755-59-2535,Software Engineer,Marketing,15817,16,Fair,2015-10-22
382,0,x3wqpdav@outlook.com,+1-298-93-7671,Software Engineer,Operations,16762,28,Fair,2015-02-05
383,0,6v9vw77i@datafactory.io,+1-479-70-8130,Quality Assurance Engineer,IT,12640,17,Poor,2025-08-05
384,0,lt239xdj@solix-agent.ai,+1-228-93-8917,Technical Writer,Operations,12543,13,Needs Improvement,2020-05-22
385,0,qpp4lelx@gmail.com,+1-582-16-6025,Quality Assurance Engineer,Operations,17027,17,Poor,2018-09-06
386,0,yjixbv9l@solix-agent.ai,+1-906-55-2263,Data Scientist,Research and Development,14365,28,Good,2023-12-13
387,0,u1d4x4us@example.com,+1-352-11-5687,DevOps Engineer,HR,18131,11,Poor,2024-01-04
388,0,0jhylgza@solix-agent.ai,+1-837-92-4574,Quality Assurance Engineer,Sales,17264,22,Good,2025-05-16
389,0,vd42180z@example.com,+1-689-39-5768,Product Manager,Finance,19206,11,Excellent,2016-12-22
390,0,w80x9uqo@datafactory.io,+1-999-80-5911,Data Scientist,IT,17400,27,Fair,2022-12-02
391,0,l91mvbzi@solix-agent.ai,+1-633-90-2965,UX Designer,Research and Development,13010,12,Poor,2025-05-04
392,0,ddabf3xc@outlook.com,+1-908-59-1650,Technical Writer,Sales,19046,13,Excellent,2019-11-13
393,0,x2qim9mq@solix-agent.ai,+1-334-78-5861,Software Engineer,IT,19749,14,Needs Improvement,2020-03-03
394,0,0kgmgju5@yahoo.com,+1-408-72-2579,UX Designer,Operations,14723,15,Needs Improvement,2016-03-04
395,0,vmpjkiom@gmail.com,+1-681-11-3166,IT Support Specialist,Marketing,17899,22,Fair,2026-08-24
396,0,9w87tlz6@solix-agent.ai,+1-485-79-2736,Product Manager,Research and Development,17384,25,Excellent,2019-03-15
397,0,gflx6vl3@example.com,+1-693-36-8475,UX Designer,Finance,9503,6,Excellent,2024-09-18
398,0,hifgaoel@yahoo.com,+1-657-53-3405,Data Scientist,Marketing,13018,24,Good,2021-02-10
399,0,o4qjwggu@solix-agent.ai,+1-800-89-7738,Data Scientist,HR,15859,26,Excellent,2023-01-23
400,0,nhdw9zl5@example.com,+1-752-71-8502,Software Engineer,Finance,17579,20,Poor,2019-10-23
401,0,u3hwge3i@yahoo.com,+1-242-74-8131,Quality Assurance Engineer,Operations,5542,1,Poor,2026-09-27
402,0,icqjoys9@outlook.com,+1-230-29-9176,Technical Writer,Sales,14934,20,Poor,2025-02-08
403,0,ixxnvtxn@solix-agent.ai,+1-852-72-1167,Software Engineer,Operations,19571,29,Poor,2020-02-10
404,0,ezwgnk54@yahoo.com,+1-268-20-6941,IT Support Specialist,Marketing,10582,5,Fair,2025-08-14
405,0,36ifcm0d@solix-agent.ai,+1-841-49-5885,Software Engineer,Finance,12561,18,Poor,2019-02-15
406,0,822b5n8r@example.com,+1-650-97-3295,Data Scientist,HR,19435,16,Excellent,2022-12-10
407,0,7xbijhbq@solix-agent.ai,+1-249-12-3353,Data Scientist,Finance,10827,8,Good,2017-08-28
408,0,ddd1pgx8@datafactory.io,+1-270-29-6848,Technical Writer,Sales,12024,28,Fair,2023-12-06
409,0,iedsohkb@yahoo.com,+1-802-86-6469,Quality Assurance Engineer,Finance,13551,17,Needs Improvement,2023-07-17
410,0,3sqcla24@datafactory.io,+1-782-26-7746,Technical Writer,Finance,9392,9,Good,2016-11-22
411,0,x0ktsa0f@yahoo.com,+1-563-18-1284,Product Manager,Finance,18113,17,Excellent,2026-06-22
412,0,f9npkb8o@solix-agent.ai,+1-943-91-9476,DevOps Engineer,HR,12193,20,Fair,2026-12-17
413,0,7vx4qs67@datafactory.io,+1-267-21-2246,DevOps Engineer,HR,13397,14,Needs Improvement,2024-06-09
414,0,i4lson9o@gmail.com,+1-775-21-2353,UX Designer,Research and Development,18468,17,Needs Improvement,2025-12-21
415,0,tsou5bw8@example.com,+1-610-53-4919,DevOps Engineer,Sales,10076,9,Excellent,2025-04-18
416,0,yitvw7nl@yahoo.com,+1-964-20-4812,Software Engineer,Marketing,19083,22,Fair,2023-11-14
417,0,s3flugke@datafactory.io,+1-728-73-5434,Technical Writer,Research and Development,19791,25,Needs Improvement,2026-06-03
418,0,bk2lmhwa@outlook.com,+1-760-18-4268,Quality Assurance Engineer,Sales,15751,22,Poor,2026-04-18
419,0,lxtrzwdg@datafactory.io,+1-754-65-5388,Software Engineer,Research and Development,19893,26,Excellent,2021-12-11
420,0,61esvg3p@solix-agent.ai,+1-909-60-7149,IT Support Specialist,Operations,12932,17,Fair,2024-02-11
421,0,tkv5vyxi@outlook.com,+1-635-67-9367,Technical Writer,Sales,13765,13,Excellent,2024-07-03
422,0,1h8u1kdb@solix-agent.ai,+1-822-15-2078,Data Scientist,Sales,16286,16,Needs Improvement,2017-03-22
423,0,in470xqt@datafactory.io,+1-357-69-7661,Data Scientist,Operations,19431,15,Fair,2019-09-05
424,0,jj11r8pc@gmail.com,+1-389-17-5636,DevOps Engineer,Operations,16624,16,Poor,2015-01-07
425,0,plkhckg2@gmail.com,+1-289-49-2656,DevOps Engineer,Sales,15642,27,Fair,2024-02-02
426,0,66s6j2oc@datafactory.io,+1-264-75-9820,Quality Assurance Engineer,Marketing,17736,21,Good,2026-04-22
427,0,yxs7c9o1@outlook.com,+1-415-17-3071,UX Designer,HR,13740,20,Needs Improvement,2019-11-09
428,0,ea5q990d@example.com,+1-622-20-8706,Product Manager,HR,15681,28,Excellent,2024-07-23
429,0,k2e0zths@example.com,+1-963-12-8497,Technical Writer,Sales,5171,0,Excellent,2015-08-28
430,0,wki9c8kj@example.com,+1-208-12-1446,Technical Writer,Marketing,15641,24,Good,2020-12-10
431,0,sw2ltv0q@datafactory.io,+1-554-27-1232,Technical Writer,IT,5277,1,Poor,2020-05-20
432,0,7vrzt1ff@example.com,+1-732-12-2550,Data Scientist,Research and Development,3853,4,Excellent,2018-12-02
433,0,lxsnkhog@example.com,+1-725-57-4291,Quality Assurance Engineer,Sales,17418,15,Needs Improvement,2015-11-20
434,0,odwy0xgu@datafactory.io,+1-736-72-8568,Software Engineer,Marketing,16222,14,Poor,2021-08-02
435,0,hzzlu08v@gmail.com,+1-595-84-5738,Technical Writer,Research and Development,13067,16,Fair,2026-09-03
436,0,qxvjo824@gmail.com,+1-791-16-4447,Technical Writer,Operations,10451,6,Needs Improvement,2021-12-28
437,0,pnj2zggu@datafactory.io,+1-589-63-4532,Data Scientist,IT,18488,14,Poor,2026-11-23
438,0,u7ssv5m0@yahoo.com,+1-239-35-7518,Data Scientist,Research and Development,11272,7,Excellent,2024-05-05
439,0,tdixoid7@solix-agent.ai,+1-468-56-9826,IT Support Specialist,Marketing,14205,13,Excellent,2025-01-17
440,0,gkm3ylws@outlook.com,+1-777-54-5216,Data Scientist,Sales,11924,6,Needs Improvement,2026-11-24
441,0,wa38n0r4@outlook.com,+1-311-18-5407,DevOps Engineer,Marketing,17701,23,Fair,2015-02-18
442,0,6hjfkcug@outlook.com,+1-958-99-4792,Technical Writer,Sales,11047,5,Good,2024-10-18
443,0,e6c35i4k@example.com,+1-266-85-8084,UX Designer,Finance,8742,6,Needs Improvement,2020-09-01
444,0,splwgo7x@example.com,+1-643-19-1863,Product Manager,Research and Development,19821,13,Fair,2021-02-12
445,0,ljkm5ztf@datafactory.io,+1-945-67-3377,Software Engineer,HR,13148,30,Fair,2024-09-14
446,0,gbdtmqir@example.com,+1-851-37-7267,Technical Writer,Marketing,16983,23,Needs Improvement,2021-01-18
447,0,3fe4gm86@yahoo.com,+1-710-15-4233,Quality Assurance Engineer,Operations,5723,1,Excellent,2016-08-21
448,0,43x98btq@yahoo.com,+1-789-70-6154,Product Manager,Operations,19229,16,Poor,2023-04-27
449,0,2s928jls@example.com,+1-326-46-7607,Software Engineer,IT,16782,12,Good,2024-12-24
450,0,slwulsnc@yahoo.com,+1-730-94-5148,UX Designer,Research and Development,12828,15,Good,2015-06-20
451,0,rkzvqhj6@example.com,+1-203-34-4840,DevOps Engineer,Research and Development,19631,11,Excellent,2022-12-07
452,0,9z99j9ua@solix-agent.ai,+1-634-78-1943,UX Designer,Marketing,18840,21,Poor,2018-07-04
453,0,e7re34ej@yahoo.com,+1-981-98-9775,Software Engineer,Research and Development,19333,23,Fair,2020-12-13
454,0,1b2p15z3@datafactory.io,+1-777-93-6136,IT Support Specialist,Sales,19981,14,Good,2026-06-04
455,0,rjmuzm1b@example.com,+1-256-77-6055,Quality Assurance Engineer,HR,9880,6,Poor,2023-03-04
456,0,sdgoj5d8@solix-agent.ai,+1-353-87-3130,Technical Writer,HR,14675,19,Poor,2017-11-06
457,0,mkp7bl1e@gmail.com,+1-373-66-8650,Software Engineer,Finance,13525,11,Needs Improvement,2026-06-13
458,0,jilnoksm@datafactory.io,+1-480-15-1585,Data Scientist,HR,16813,22,Needs Improvement,2021-05-05
459,0,l9lzz849@solix-agent.ai,+1-993-63-8749,Data Scientist,Operations,7621,1,Needs Improvement,2016-02-07
460,0,bl6t5zzt@yahoo.com,+1-376-88-6021,IT Support Specialist,HR,10964,8,Poor,2017-12-19
461,0,3b6b7ddk@example.com,+1-499-70-9061,Software Engineer,HR,7887,3,Needs Improvement,2019-12-13
462,0,g3lhexdp@gmail.com,+1-414-21-3859,DevOps Engineer,Marketing,6997,0,Good,2025-01-01
463,0,n46weeg4@yahoo.com,+1-621-29-9886,Quality Assurance Engineer,Sales,14213,26,Needs Improvement,2017-11-22
464,0,uffj62zl@gmail.com,+1-623-96-8395,UX Designer,Operations,16422,16,Poor,2022-07-03
465,0,0myppfyf@datafactory.io,+1-956-51-1386,Software Engineer,Marketing,18801,27,Needs Improvement,2017-09-10
466,0,80ts57e9@outlook.com,+1-232-40-5012,Quality Assurance Engineer,IT,5781,1,Fair,2018-02-18
467,0,qmt62bxc@datafactory.io,+1-902-13-8444,DevOps Engineer,Sales,18054,12,Needs Improvement,2022-08-02
468,0,tyetk6qj@gmail.com,+1-847-95-8753,Product Manager,Operations,14944,20,Good,2021-02-15
469,0,i8785d27@datafactory.io,+1-444-40-1578,Technical Writer,Marketing,19759,28,Good,2017-11-02
470,0,t3m766ut@yahoo.com,+1-717-17-1110,IT Support Specialist,Operations,17749,11,Poor,2016-12-18
471,0,wlc5rl0l@solix-agent.ai,+1-950-67-7846,Product Manager,Sales,16225,12,Excellent,2024-01-06
472,0,mjzqdkmk@outlook.com,+1-328-49-2352,Technical Writer,HR,7893,0,Excellent,2023-04-06
473,0,cfxxy09t@solix-agent.ai,+1-699-43-4807,IT Support Specialist,Marketing,11429,5,Good,2022-06-14
474,0,9d9w9ngv@gmail.com,+1-593-97-2520,Software Engineer,Sales,13155,10,Poor,2024-10-10
475,0,juskq9x5@outlook.com,+1-279-51-9930,Data Scientist,Finance,19267,19,Good,2015-09-22
476,0,0o8n2d69@outlook.com,+1-559-26-2977,UX Designer,Sales,19469,12,Poor,2015-10-15
477,0,rycgvt38@solix-agent.ai,+1-746-99-7852,DevOps Engineer,Research and Development,18882,12,Poor,2019-08-12
478,0,qnhlcnsm@outlook.com,+1-949-62-1481,DevOps Engineer,Research and Development,6295,0,Good,2018-01-02
479,0,z3dbpqdh@outlook.com,+1-685-44-7912,DevOps Engineer,Finance,4844,2,Fair,2023-08-14
480,0,mp7ojwqj@datafactory.io,+1-559-90-7064,Technical Writer,Operations,9137,5,Good,2025-03-12
481,0,olbfr2mw@datafactory.io,+1-474-66-7335,IT Support Specialist,Marketing,4756,0,Needs Improvement,2017-07-04
482,0,fxrrwtuz@datafactory.io,+1-888-49-2280,Quality Assurance Engineer,Operations,12532,17,Needs Improvement,2024-02-14
483,0,lyhzoq8n@outlook.com,+1-730-62-5555,UX Designer,Finance,14755,12,Poor,2018-09-18
484,0,mtv4afiq@gmail.com,+1-251-66-2700,Technical Writer,IT,4068,1,Needs Improvement,2026-07-07
485,0,wy2e4cvq@solix-agent.ai,+1-450-29-5696,DevOps Engineer,IT,14809,27,Poor,2020-04-17
486,0,q3yeva5y@example.com,+1-269-29-3342,IT Support Specialist,Sales,19146,18,Poor,2024-01-17
487,0,46qzrqe2@solix-agent.ai,+1-595-19-3923,Quality Assurance Engineer,IT,17352,21,Good,2015-05-17
488,0,a3bxnh0h@datafactory.io,+1-399-30-2989,Software Engineer,Sales,16071,26,Excellent,2025-03-06
489,0,5ged0gnz@datafactory.io,+1-953-34-3757,Technical Writer,Finance,8494,5,Excellent,2025-03-05
490,0,22dahx59@example.com,+1-853-41-4476,UX Designer,HR,16778,14,Poor,2015-03-24
491,0,64dkf51o@gmail.com,+1-345-10-8678,Technical Writer,Sales,17605,29,Poor,2018-08-14
492,0,s21u8js9@gmail.com,+1-632-62-4164,Product Manager,Sales,12631,16,Good,2021-02-23
493,0,q4511lrl@outlook.com,+1-406-68-2974,Data Scientist,HR,7666,1,Good,2018-03-17
494,0,mplz678f@outlook.com,+1-910-26-7872,UX Designer,Sales,15743,11,Fair,2024-11-07
495,0,of9qpb00@gmail.com,+1-895-52-2986,Software Engineer,Sales,16681,22,Poor,2018-07-10
496,0,kdau5fdl@gmail.com,+1-807-29-9408,IT Support Specialist,Research and Development,14005,16,Needs Improvement,2021-10-13
497,0,po06mw7b@datafactory.io,+1-327-63-1258,Data Scientist,Finance,12682,21,Good,2026-05-04
498,0,7fagldom@outlook.com,+1-957-33-5798,DevOps Engineer,Finance,16112,29,Needs Improvement,2023-08-09
499,0,603vwqkt@yahoo.com,+1-980-83-8532,UX Designer,Operations,17013,30,Good,2015-12-01
500,0,nvcxk9ny@example.com,+1-259-30-9253,Product Manager,Operations,6457,4,Needs Improvement,2026-02-06
501,0,6jsyi8ek@outlook.com,+1-597-25-3296,Software Engineer,Marketing,11432,6,Poor,2021-11-26
502,0,2hvfz3pf@example.com,+1-401-42-4716,Technical Writer,Finance,5196,2,Needs Improvement,2019-10-02
503,0,986dimly@example.com,+1-504-78-3293,Data Scientist,HR,15805,25,Good,2017-11-26
504,0,x811803o@example.com,+1-799-47-9098,DevOps Engineer,Marketing,18458,22,Poor,2019-12-09
505,0,xv4jernl@example.com,+1-264-15-3003,Software Engineer,HR,16487,14,Needs Improvement,2022-07-11
506,0,mmj1gl09@datafactory.io,+1-918-36-4921,UX Designer,HR,13290,30,Needs Improvement,2020-07-26
507,0,f3tbsafp@solix-agent.ai,+1-589-20-7440,Software Engineer,IT,3728,4,Poor,2017-03-13
508,0,lusfby5g@example.com,+1-678-71-4814,UX Designer,Research and Development,12149,11,Poor,2017-04-27
509,0,p3vz656z@gmail.com,+1-787-69-8103,Quality Assurance Engineer,Operations,18855,15,Needs Improvement,2024-09-17
510,0,x0oa2uxf@example.com,+1-952-68-3716,UX Designer,HR,17604,10,Good,2022-07-22
511,0,3nyvhabn@outlook.com,+1-786-23-9024,Technical Writer,Sales,17604,23,Excellent,2022-08-14
512,0,qqu2g6vy@yahoo.com,+1-882-95-7271,Data Scientist,Sales,14807,20,Fair,2025-06-04
513,0,upyncfwc@outlook.com,+1-478-40-7223,Software Engineer,HR,15332,27,Good,2015-06-28
514,0,f8y02nir@solix-agent.ai,+1-257-25-7545,Data Scientist,Marketing,12934,21,Excellent,2017-03-02
515,0,kekeyx22@solix-agent.ai,+1-621-92-7792,Technical Writer,Sales,14762,13,Poor,2015-09-15
516,0,xaupa746@solix-agent.ai,+1-732-39-5839,Data Scientist,HR,16296,11,Poor,2023-09-13
517,0,nb65p5zp@gmail.com,+1-746-20-7273,IT Support Specialist,IT,19976,28,Poor,2017-09-07
518,0,1t4u45rc@solix-agent.ai,+1-457-74-2380,Quality Assurance Engineer,IT,19657,30,Fair,2023-11-11
519,0,64y8kl2e@datafactory.io,+1-413-46-2017,Data Scientist,Marketing,11539,6,Excellent,2017-09-15
520,0,jwmpbik8@solix-agent.ai,+1-459-50-6889,Data Scientist,IT,14167,17,Excellent,2022-06-07
521,0,0g2b279q@yahoo.com,+1-528-41-9548,UX Designer,IT,5797,1,Poor,2015-09-19
522,0,u7lic0r1@datafactory.io,+1-456-19-8817,Product Manager,Finance,16282,19,Fair,2016-11-13
523,0,stvy1r18@gmail.com,+1-836-15-6337,UX Designer,HR,16177,24,Excellent,2017-05-06
524,0,t9y7ckcm@gmail.com,+1-348-92-7245,UX Designer,Operations,12718,11,Excellent,2016-03-14
525,0,ksjb4h67@yahoo.com,+1-404-93-5709,Data Scientist,Sales,19478,19,Good,2015-07-01
526,0,kw2evtm8@datafactory.io,+1-907-17-7625,DevOps Engineer,HR,3063,1,Fair,2022-01-21
527,0,crwf9my5@example.com,+1-894-71-2785,UX Designer,Research and Development,12478,14,Poor,2025-08-21
528,0,wn53zjqc@solix-agent.ai,+1-384-28-9656,Product Manager,Marketing,15683,13,Fair,2023-04-02
529,0,db4ntjrz@solix-agent.ai,+1-724-47-2038,Software Engineer,Marketing,15824,28,Poor,2018-03-20
530,0,3t0s4baz@solix-agent.ai,+1-560-10-8182,Data Scientist,HR,16688,23,Poor,2020-09-04
531,0,ys2cndwv@gmail.com,+1-369-16-3556,Software Engineer,Research and Development,17605,12,Poor,2023-11-12
532,0,ip3p2o5a@datafactory.io,+1-301-69-3004,IT Support Specialist,Research and Development,18134,27,Poor,2019-01-07
533,0,b3qed280@example.com,+1-678-39-2784,Product Manager,IT,13058,28,Excellent,2023-12-08
534,0,oophdu2i@outlook.com,+1-828-19-1133,IT Support Specialist,Operations,12173,20,Fair,2025-10-26
535,0,w3995ies@datafactory.io,+1-582-76-9483,DevOps Engineer,Research and Development,4617,1,Excellent,2015-12-27
536,0,bx5hkabo@gmail.com,+1-869-92-7283,UX Designer,Operations,6224,3,Excellent,2015-08-24
537,0,v9vjlmrt@gmail.com,+1-500-69-1873,IT Support Specialist,Research and Development,14203,11,Excellent,2021-03-24
538,0,mlzp7a6c@yahoo.com,+1-452-17-9284,Data Scientist,Finance,17513,26,Good,2017-01-12
539,0,p04um6uw@solix-agent.ai,+1-512-57-4150,UX Designer,Operations,11781,7,Needs Improvement,2015-05-07
540,0,awpfaxvj@solix-agent.ai,+1-588-73-6155,IT Support Specialist,HR,18915,30,Needs Improvement,2015-02-11
541,0,tja05otw@gmail.com,+1-343-88-6476,UX Designer,IT,7282,0,Fair,2023-08-17
542,0,u1r4fb41@gmail.com,+1-330-42-4634,Quality Assurance Engineer,HR,14152,10,Fair,2025-10-12
543,0,0to2y2hp@yahoo.com,+1-585-52-2818,IT Support Specialist,IT,15583,12,Needs Improvement,2022-02-27
544,0,nmedpkon@yahoo.com,+1-626-22-2417,UX Designer,Marketing,6679,4,Good,2017-06-23
545,0,jrbr52dv@datafactory.io,+1-407-72-3737,IT Support Specialist,Marketing,14044,20,Needs Improvement,2025-11-27
546,0,nf20metb@datafactory.io,+1-945-13-9107,Software Engineer,IT,14687,26,Fair,2016-12-13
547,0,sgufh59k@example.com,+1-249-30-5983,Product Manager,Marketing,3590,2,Excellent,2022-06-20
548,0,tqtbai89@datafactory.io,+1-632-90-3151,Data Scientist,Operations,19975,23,Poor,2021-01-09
549,0,wdn4fkx5@gmail.com,+1-721-77-8918,Product Manager,Finance,18812,12,Excellent,2017-04-11
550,0,8sc9yi7b@yahoo.com,+1-702-71-4427,UX Designer,Marketing,18487,16,Excellent,2015-02-05
551,0,x1rmm85v@yahoo.com,+1-860-31-8440,IT Support Specialist,Finance,12181,23,Needs Improvement,2022-03-19
552,0,uxh1kyq3@example.com,+1-251-83-7005,Data Scientist,HR,14752,13,Excellent,2022-05-10
553,0,jgmwfpd1@outlook.com,+1-378-20-5263,DevOps Engineer,Operations,11756,6,Needs Improvement,2021-04-12
554,0,as9r4da1@outlook.com,+1-713-45-8710,Technical Writer,Research and Development,14888,15,Fair,2024-04-07
555,0,s3vnq98r@solix-agent.ai,+1-520-68-9919,Quality Assurance Engineer,HR,11148,9,Poor,2019-09-01
556,0,fpsmi4uq@solix-agent.ai,+1-765-36-5167,UX Designer,Research and Development,12023,20,Fair,2018-06-08
557,0,0eh9ktih@yahoo.com,+1-462-60-2632,Technical Writer,Sales,17289,13,Fair,2024-10-08
558,0,mjr90uul@outlook.com,+1-271-73-1270,DevOps Engineer,Operations,15811,21,Good,2026-04-17
559,0,h6knbhdx@example.com,+1-511-45-6034,IT Support Specialist,Finance,18674,11,Excellent,2022-12-12
560,0,2ilaxcp8@example.com,+1-599-63-3054,Quality Assurance Engineer,Finance,16937,15,Poor,2022-07-12
561,0,0gd8mz2g@outlook.com,+1-919-11-2045,UX Designer,Operations,15756,19,Needs Improvement,2021-01-23
562,0,p4a5b3en@yahoo.com,+1-837-29-7089,Technical Writer,Operations,11003,6,Excellent,2021-04-14
563,0,5tqfac5x@datafactory.io,+1-965-44-9699,Quality Assurance Engineer,Marketing,16384,16,Fair,2016-11-27
564,0,klbxnp2m@outlook.com,+1-844-27-3511,DevOps Engineer,Operations,19279,24,Fair,2020-01-27
565,0,n2m7m3xb@yahoo.com,+1-654-43-1895,UX Designer,Research and Development,19355,11,Poor,2018-02-13
566,0,dasreyoy@solix-agent.ai,+1-337-92-1902,Quality Assurance Engineer,HR,4749,1,Excellent,2021-07-06
567,0,upawaiik@solix-agent.ai,+1-400-51-4939,Data Scientist,Research and Development,9687,7,Excellent,2017-07-03
568,0,liglwn1k@example.com,+1-263-31-8399,Technical Writer,IT,12882,11,Fair,2019-10-22
569,0,va0dxfxh@gmail.com,+1-707-81-1093,DevOps Engineer,Sales,19917,29,Needs Improvement,2023-01-11
570,0,8tsdg2rr@example.com,+1-624-44-2784,DevOps Engineer,Operations,11278,7,Poor,2016-05-11
571,0,bbzrgpz8@yahoo.com,+1-792-56-1963,Data Scientist,IT,13496,22,Good,2015-11-26
572,0,j5kfizdm@datafactory.io,+1-565-50-6022,Product Manager,Finance,13952,18,Good,2018-05-13
573,0,w7rafjgg@solix-agent.ai,+1-605-34-5706,DevOps Engineer,Finance,19257,29,Good,2016-02-07
574,0,530qj0q7@yahoo.com,+1-576-42-1099,IT Support Specialist,Finance,13606,24,Needs Improvement,2015-06-27
575,0,jn93xu3o@yahoo.com,+1-307-18-8120,Data Scientist,HR,19378,13,Fair,2019-11-27
576,0,6f9hzjqr@datafactory.io,+1-746-30-9437,Software Engineer,IT,16249,27,Fair,2021-02-07
577,0,k9v5w3s9@gmail.com,+1-402-63-9359,Technical Writer,HR,17056,29,Fair,2015-08-24
578,0,o5ifk4p4@example.com,+1-686-11-5457,Quality Assurance Engineer,HR,9442,9,Good,2026-02-19
579,0,7lf7mbd0@gmail.com,+1-239-48-3915,DevOps Engineer,Finance,3505,2,Fair,2019-09-12
580,0,gef3q5u0@datafactory.io,+1-615-81-1508,DevOps Engineer,IT,13648,18,Needs Improvement,2021-01-21
581,0,yhvatf77@outlook.com,+1-574-94-3007,Product Manager,Finance,13084,26,Fair,2024-05-05
582,0,3f1wjm9p@solix-agent.ai,+1-882-44-6864,Technical Writer,IT,13095,25,Good,2025-09-27
583,0,cu0w62rr@example.com,+1-899-78-5871,DevOps Engineer,Operations,6966,2,Poor,2022-12-24
584,0,bcfv46su@yahoo.com,+1-414-44-9909,Technical Writer,IT,13150,10,Excellent,2016-01-11
585,0,eimu5ujd@example.com,+1-323-62-5199,Software Engineer,Operations,9071,7,Fair,2024-12-28
586,0,9yf7r03u@datafactory.io,+1-451-84-5583,Product Manager,IT,19977,18,Needs Improvement,2015-04-26
587,0,os2fdf80@outlook.com,+1-801-43-1158,Technical Writer,Operations,19855,24,Excellent,2016-11-10
588,0,2zvckgqw@gmail.com,+1-540-72-4393,Product Manager,Marketing,14923,14,Fair,2022-07-02
589,0,uge9re4n@gmail.com,+1-752-99-2632,Technical Writer,Operations,18116,13,Needs Improvement,2020-03-21
590,0,k2vocpce@solix-agent.ai,+1-668-82-9086,Technical Writer,Marketing,11243,5,Good,2024-08-21
591,0,q0t8m3bx@datafactory.io,+1-438-25-2772,DevOps Engineer,Sales,18666,13,Poor,2025-01-03
592,0,k6ibr0kc@datafactory.io,+1-393-87-7481,Technical Writer,Marketing,13172,29,Excellent,2021-12-26
593,0,fugujti2@gmail.com,+1-721-86-8189,UX Designer,IT,9456,9,Fair,2019-06-09
594,0,zemf22jj@datafactory.io,+1-839-92-8109,Product Manager,Research and Development,12491,10,Poor,2018-09-01
595,0,fk0795mx@yahoo.com,+1-347-64-9853,DevOps Engineer,Research and Development,12837,18,Good,2022-11-10
596,0,70x9x0z7@datafactory.io,+1-801-65-6502,DevOps Engineer,HR,12482,22,Good,2015-06-07
597,0,8mcwsdn8@gmail.com,+1-809-21-5233,UX Designer,Finance,6134,4,Poor,2022-08-28
598,0,raqw2ier@yahoo.com,+1-970-24-1690,Technical Writer,Marketing,8469,8,Needs Improvement,2018-01-01
599,0,kdipeqri@example.com,+1-959-56-4914,Technical Writer,Marketing,18067,26,Poor,2026-11-06
600,0,25olx95x@yahoo.com,+1-751-77-7220,IT Support Specialist,Research and Development,11995,9,Good,2021-05-23
601,0,qr0b357u@example.com,+1-845-21-3564,UX Designer,HR,10267,8,Excellent,2017-04-22
602,0,sswnwzs5@solix-agent.ai,+1-548-84-9933,Software Engineer,Marketing,7130,4,Good,2024-11-11
603,0,nonxv880@example.com,+1-683-76-9629,Product Manager,Sales,18231,28,Fair,2021-04-10
604,0,8lw0kf5j@outlook.com,+1-541-32-8466,UX Designer,HR,17985,21,Excellent,2023-07-24
605,0,t6r9nzvr@gmail.com,+1-481-97-1489,Data Scientist,Research and Development,17645,21,Good,2017-05-06
606,0,s993i84g@solix-agent.ai,+1-332-78-8934,Software Engineer,Sales,16755,13,Poor,2021-09-09
607,0,rp7y5687@yahoo.com,+1-625-37-7711,Software Engineer,Marketing,13751,10,Fair,2017-11-19
608,0,arpfsnmi@outlook.com,+1-527-29-4710,Technical Writer,Research and Development,17766,12,Poor,2023-03-13
609,0,h0v86k0w@outlook.com,+1-499-55-6067,UX Designer,Sales,11734,5,Excellent,2015-10-24
610,0,5u4sdzhz@example.com,+1-716-96-6240,Data Scientist,Finance,4517,4,Needs Improvement,2023-06-09
611,0,qx6y32wf@yahoo.com,+1-645-31-8701,Product Manager,Sales,14257,11,Good,2024-12-21
612,0,hme97jsx@datafactory.io,+1-431-29-5896,Data Scientist,Operations,11067,7,Poor,2023-02-16
613,0,2snl6t2f@yahoo.com,+1-649-23-3128,UX Designer,IT,16424,22,Poor,2025-02-23
614,0,hqfsa3fy@datafactory.io,+1-990-61-6726,Quality Assurance Engineer,HR,17796,27,Needs Improvement,2017-05-10
615,0,pavgvcyi@example.com,+1-755-96-1753,IT Support Specialist,Finance,8160,5,Poor,2022-03-01
616,0,n1csladw@solix-agent.ai,+1-558-22-4616,Data Scientist,Operations,18688,17,Good,2019-04-04
617,0,xv20733j@example.com,+1-978-66-1555,Product Manager,IT,9193,6,Excellent,2020-10-04
618,0,cmbwe474@yahoo.com,+1-825-17-9704,Product Manager,HR,11174,8,Good,2024-12-23
619,0,ny2j2wj5@yahoo.com,+1-496-66-9075,Software Engineer,Sales,18999,12,Excellent,2017-11-25
620,0,660x29lo@outlook.com,+1-618-56-9594,Quality Assurance Engineer,Operations,14864,14,Fair,2017-11-06
621,0,0hnyfzcx@solix-agent.ai,+1-246-90-3890,Software Engineer,Marketing,10298,8,Excellent,2024-08-02
622,0,vwg4pfsm@datafactory.io,+1-537-46-8903,DevOps Engineer,Research and Development,16334,29,Excellent,2025-07-06
623,0,fcy9dta2@outlook.com,+1-488-42-5354,Data Scientist,Marketing,11272,9,Fair,2017-07-27
624,0,326vd9wn@example.com,+1-317-89-1234,IT Support Specialist,Operations,18811,16,Needs Improvement,2016-02-09
625,0,vnxcl7gz@datafactory.io,+1-964-28-6338,Product Manager,HR,4376,0,Needs Improvement,2019-09-12
626,0,6qfr6o6m@solix-agent.ai,+1-763-44-4310,Data Scientist,HR,19987,26,Fair,2016-03-06
627,0,fkf10sbp@outlook.com,+1-835-20-8723,Technical Writer,Sales,14347,24,Fair,2017-04-18
628,0,u85o7ole@gmail.com,+1-755-46-4432,Data Scientist,Marketing,10982,6,Fair,2020-11-21
629,0,arwu6m6k@solix-agent.ai,+1-259-63-8841,Quality Assurance Engineer,IT,17796,28,Good,2026-12-25
630,0,dxmm5xe7@yahoo.com,+1-336-28-7604,UX Designer,Marketing,19106,25,Fair,2022-01-01
631,0,rzntbzfb@yahoo.com,+1-575-45-3687,DevOps Engineer,HR,19949,28,Fair,2021-10-11
632,0,xit770bo@example.com,+1-908-95-5019,Data Scientist,HR,17003,22,Good,2021-12-20
633,0,8u4y9zow@datafactory.io,+1-867-41-6157,UX Designer,HR,13126,23,Good,2019-08-21
634,0,gwgmvzle@yahoo.com,+1-794-52-3105,Product Manager,Operations,10513,6,Good,2015-07-19
635,0,2g9f2i3f@gmail.com,+1-631-48-4195,Product Manager,IT,7347,4,Excellent,2017-04-18
636,0,uvsjln3z@datafactory.io,+1-814-96-7530,Quality Assurance Engineer,Sales,13182,14,Poor,2015-11-11
637,0,j35fln7q@outlook.com,+1-343-31-4779,Data Scientist,Operations,18975,17,Fair,2018-06-17
638,0,e0vy1ipz@example.com,+1-502-61-7735,DevOps Engineer,IT,9084,9,Good,2016-07-09
639,0,r8lv2viu@yahoo.com,+1-636-89-4730,Software Engineer,IT,17736,20,Fair,2017-10-21
640,0,fapismgu@yahoo.com,+1-696-98-5355,UX Designer,IT,18213,20,Excellent,2016-09-14
641,0,vr58oavs@gmail.com,+1-821-47-9772,Quality Assurance Engineer,Sales,14115,27,Needs Improvement,2020-05-06
642,0,6tyhi2xm@gmail.com,+1-939-98-3152,Technical Writer,Finance,19813,18,Fair,2023-01-22
643,0,z2h6rnar@example.com,+1-365-83-1111,Product Manager,Sales,12466,27,Poor,2019-03-14
644,0,7l80qffz@yahoo.com,+1-552-47-1576,Software Engineer,Sales,17892,17,Good,2022-05-07
645,0,z1tks6xo@datafactory.io,+1-311-94-2158,IT Support Specialist,Operations,17280,22,Fair,2018-08-18
646,0,mm4hgesl@solix-agent.ai,+1-471-81-4168,Software Engineer,Research and Development,15565,20,Fair,2021-09-12
647,0,wurt5wu5@datafactory.io,+1-480-12-8381,DevOps Engineer,Marketing,16839,24,Poor,2016-04-06
648,0,2c2tz8wt@yahoo.com,+1-544-73-1059,Technical Writer,Marketing,6119,0,Poor,2018-07-24
649,0,zefnzvze@outlook.com,+1-248-31-1712,Data Scientist,HR,12765,13,Fair,2019-07-28
650,0,a9z34d7i@gmail.com,+1-362-63-6445,Technical Writer,Research and Development,16313,16,Fair,2017-07-03
651,0,6ehmsctj@gmail.com,+1-562-46-6958,IT Support Specialist,IT,4057,1,Fair,2019-11-22
652,0,7styl8mi@datafactory.io,+1-867-19-8810,Technical Writer,HR,19357,18,Excellent,2018-04-11
653,0,69ql0w5q@outlook.com,+1-666-17-7214,Software Engineer,HR,13536,13,Excellent,2021-07-25
654,0,lfk5lk0c@outlook.com,+1-601-56-6429,Data Scientist,Marketing,7962,1,Good,2021-05-19
655,0,iiytanw3@yahoo.com,+1-911-35-2351,Quality Assurance Engineer,Finance,7528,3,Needs Improvement,2026-01-18
656,0,clhkj97z@example.com,+1-702-93-2682,DevOps Engineer,Marketing,19882,14,Good,2021-11-18
657,0,n2z1sz6q@example.com,+1-864-78-6945,DevOps Engineer,Operations,6650,2,Needs Improvement,2023-08-06
658,0,604732at@datafactory.io,+1-501-14-6685,DevOps Engineer,IT,12730,17,Fair,2022-02-26
659,0,wv5wa1bt@yahoo.com,+1-404-36-9826,Technical Writer,Operations,9802,7,Poor,2023-06-08
660,0,mibnsv7w@example.com,+1-367-86-9793,Technical Writer,HR,6074,1,Fair,2024-10-03
661,0,t3q8jwvs@gmail.com,+1-523-96-8905,UX Designer,Marketing,16011,29,Excellent,2020-11-03
662,0,yycbu3ou@yahoo.com,+1-349-22-4228,IT Support Specialist,Sales,8318,6,Poor,2021-07-07
663,0,o5t5ymsj@example.com,+1-546-51-6432,IT Support Specialist,Operations,16185,23,Good,2025-09-06
664,0,9i9wi6sd@gmail.com,+1-758-51-5589,UX Designer,Finance,18825,19,Excellent,2018-08-12
665,0,xlu3xeu2@yahoo.com,+1-498-49-5036,Data Scientist,HR,17990,30,Poor,2018-09-17
666,0,yzlpmr4h@gmail.com,+1-493-89-5171,Technical Writer,Operations,9377,6,Excellent,2026-08-12
667,0,pb2trd4l@outlook.com,+1-487-96-3678,Software Engineer,Operations,13842,22,Good,2024-02-12
668,0,bcd5nacy@solix-agent.ai,+1-703-57-4119,Software Engineer,IT,8536,6,Needs Improvement,2018-07-18
669,0,7yzj2p7v@example.com,+1-327-24-7635,Technical Writer,Research and Development,9733,9,Poor,2021-01-19
670,0,z3fu2291@datafactory.io,+1-339-66-4021,DevOps Engineer,Marketing,8415,5,Good,2020-01-07
671,0,o4o83wab@solix-agent.ai,+1-379-26-8230,Technical Writer,Research and Development,5949,1,Needs Improvement,2018-08-25
672,0,x0hib525@solix-agent.ai,+1-588-24-7540,Technical Writer,Research and Development,16588,29,Needs Improvement,2016-05-14
673,0,f4yjqsdq@example.com,+1-436-20-8741,IT Support Specialist,Operations,10295,7,Excellent,2019-09-02
674,0,qiau2a2q@example.com,+1-658-92-3224,DevOps Engineer,IT,19701,12,Excellent,2022-07-25
675,0,c9vbj749@outlook.com,+1-493-50-8315,IT Support Specialist,HR,3252,2,Excellent,2017-08-07
676,0,gbhw9dvk@outlook.com,+1-680-84-3055,DevOps Engineer,Research and Development,17806,20,Needs Improvement,2018-11-08
677,0,k56iszxo@gmail.com,+1-668-56-8885,DevOps Engineer,HR,13228,27,Fair,2025-11-09
678,0,5f7zpb0f@gmail.com,+1-606-49-8440,Product Manager,Research and Development,19254,13,Fair,2018-04-07
679,0,ltmxkmfz@yahoo.com,+1-995-22-5655,Data Scientist,IT,14725,22,Poor,2015-10-20
680,0,5157t0tw@outlook.com,+1-728-60-3296,IT Support Specialist,Marketing,11657,8,Poor,2019-03-16
681,0,n2bi6iex@gmail.com,+1-626-34-5336,Data Scientist,Operations,18158,25,Excellent,2017-01-27
682,0,xd5po7rs@datafactory.io,+1-788-25-8378,UX Designer,Finance,19502,13,Excellent,2023-07-19
683,0,l6ig3419@datafactory.io,+1-240-46-6785,Data Scientist,Operations,19195,26,Good,2016-10-21
684,0,xv8o77j0@outlook.com,+1-985-29-4610,UX Designer,Operations,12970,21,Good,2024-11-08
685,0,r3tv5qe3@datafactory.io,+1-528-37-8114,DevOps Engineer,Operations,9454,7,Excellent,2023-01-25
686,0,pt2ot7v2@gmail.com,+1-611-43-8714,Software Engineer,Sales,3560,1,Good,2021-02-04
687,0,19v6hi03@gmail.com,+1-601-19-7632,Technical Writer,Marketing,18788,14,Fair,2024-01-14
688,0,lp83wr8u@yahoo.com,+1-768-99-7243,UX Designer,Operations,13947,13,Excellent,2021-10-16
689,0,8nz2iwa5@datafactory.io,+1-575-58-4622,Product Manager,Research and Development,18184,12,Good,2016-06-07
690,0,qp9w44l5@outlook.com,+1-903-99-5650,IT Support Specialist,HR,8574,5,Fair,2015-11-01
691,0,qc4tyd1x@outlook.com,+1-813-72-5243,DevOps Engineer,Operations,16626,27,Needs Improvement,2016-11-21
692,0,euoetw2w@example.com,+1-244-86-1213,Data Scientist,Research and Development,18721,19,Poor,2020-04-07
693,0,jts27hdo@yahoo.com,+1-240-85-3175,Software Engineer,IT,14995,17,Needs Improvement,2016-02-01
694,0,jwc3045v@gmail.com,+1-293-25-6804,Product Manager,IT,16002,12,Poor,2015-10-01
695,0,eospvmda@outlook.com,+1-374-71-3886,Quality Assurance Engineer,HR,16256,12,Poor,2022-12-08
696,0,zbfk13q4@yahoo.com,+1-849-79-8435,IT Support Specialist,Marketing,17532,23,Needs Improvement,2025-12-14
697,0,uxk0njzc@example.com,+1-929-73-6206,Data Scientist,IT,3601,0,Good,2024-12-26
698,0,40zp6671@datafactory.io,+1-558-12-3944,Quality Assurance Engineer,Research and Development,15264,26,Fair,2026-07-16
699,0,nogpej0t@datafactory.io,+1-323-23-9645,IT Support Specialist,Sales,3802,1,Good,2021-08-18
700,0,bzorv9dv@gmail.com,+1-667-42-9159,DevOps Engineer,Sales,5886,0,Excellent,2018-04-12
701,0,f8o3502f@gmail.com,+1-424-49-2030,IT Support Specialist,Sales,18813,26,Excellent,2022-07-14
702,0,wun6vat3@solix-agent.ai,+1-493-54-7020,UX Designer,IT,11344,5,Poor,2022-12-24
703,0,fqajh1qj@gmail.com,+1-444-78-6295,Software Engineer,Finance,14599,16,Poor,2017-08-05
704,0,8dhpfasg@gmail.com,+1-488-28-1590,Software Engineer,Finance,15036,10,Needs Improvement,2019-01-10
705,0,bangp50t@gmail.com,+1-328-45-2123,Product Manager,Sales,19532,18,Excellent,2020-03-21
706,0,7fhabimf@outlook.com,+1-970-49-8682,Software Engineer,Finance,14222,20,Needs Improvement,2019-08-14
707,0,k8pkh2is@example.com,+1-899-10-4559,Data Scientist,HR,16694,15,Fair,2025-10-12
708,0,yfrfi7u3@yahoo.com,+1-442-15-2772,Software Engineer,Marketing,19389,19,Needs Improvement,2021-10-05
709,0,xw0et7c6@yahoo.com,+1-698-96-2530,UX Designer,Finance,17216,14,Excellent,2018-07-17
710,0,btpn9awp@datafactory.io,+1-516-55-1128,Product Manager,Finance,7124,3,Excellent,2018-07-23
711,0,nn1srdnr@gmail.com,+1-382-56-6323,Software Engineer,Sales,15135,10,Poor,2021-03-12
712,0,3ozsq3ug@yahoo.com,+1-649-36-3410,Product Manager,Research and Development,6694,2,Excellent,2023-04-05
713,0,ej0elogr@datafactory.io,+1-592-46-5771,UX Designer,IT,18173,20,Good,2017-11-03
714,0,xarh6p9d@outlook.com,+1-766-87-6807,DevOps Engineer,Finance,15938,16,Fair,2016-10-08
715,0,3f91s4fi@datafactory.io,+1-712-76-6183,Technical Writer,IT,16197,15,Good,2024-10-15
716,0,9qm80jfq@datafactory.io,+1-581-89-1838,Data Scientist,IT,12735,29,Needs Improvement,2025-07-08
717,0,lnwditng@datafactory.io,+1-745-46-8383,Technical Writer,HR,13296,10,Excellent,2024-02-15
718,0,2l1v0k83@gmail.com,+1-619-12-4676,Product Manager,HR,8937,8,Fair,2026-12-25
719,0,dkhpayk7@solix-agent.ai,+1-813-50-5731,Quality Assurance Engineer,Operations,11098,5,Fair,2015-03-08
720,0,w16452uk@datafactory.io,+1-901-63-2970,Technical Writer,IT,19562,21,Good,2022-02-18
721,0,gnfi9glb@outlook.com,+1-984-78-2697,Technical Writer,Research and Development,12672,21,Excellent,2022-10-27
722,0,sp203qw9@yahoo.com,+1-920-66-3366,Software Engineer,Operations,5019,0,Excellent,2024-10-24
723,0,9akwqis3@gmail.com,+1-742-59-8860,Software Engineer,Research and Development,15093,17,Needs Improvement,2017-08-13
724,0,3bd3ydog@datafactory.io,+1-780-16-8044,Data Scientist,Sales,6039,1,Needs Improvement,2022-07-02
725,0,3orysee1@gmail.com,+1-718-98-4170,Technical Writer,Research and Development,19993,12,Needs Improvement,2021-07-17
726,0,vk2k5tzj@example.com,+1-433-26-9139,Technical Writer,Research and Development,16345,10,Poor,2017-11-23
727,0,71te17e2@yahoo.com,+1-517-38-4049,Product Manager,Finance,18815,13,Good,2024-01-12
728,0,bl1b9cv5@yahoo.com,+1-897-19-3848,Technical Writer,IT,12330,16,Excellent,2016-01-11
729,0,infjmv7a@yahoo.com,+1-302-60-9706,Product Manager,Finance,9789,6,Fair,2020-05-10
730,0,jzrw5zk8@datafactory.io,+1-501-30-8932,Data Scientist,Operations,13785,12,Needs Improvement,2022-05-12
731,0,zp6nneif@datafactory.io,+1-678-45-4758,Technical Writer,Marketing,19338,30,Good,2024-11-15
732,0,wn5o8gro@example.com,+1-400-47-2621,Quality Assurance Engineer,HR,17988,19,Good,2023-01-25
733,0,zk5f5kvr@solix-agent.ai,+1-353-79-2068,IT Support Specialist,IT,9935,7,Fair,2022-01-27
734,0,c2vmfqc7@example.com,+1-559-41-7902,Technical Writer,Finance,18119,25,Excellent,2025-03-06
735,0,zca8lo8q@outlook.com,+1-435-90-3095,Software Engineer,Finance,6384,4,Excellent,2021-12-01
736,0,m2t24vt4@outlook.com,+1-741-83-3132,IT Support Specialist,Sales,18295,24,Excellent,2024-04-03
737,0,pk7ivd9l@datafactory.io,+1-749-57-8596,UX Designer,Operations,14034,27,Poor,2018-11-22
738,0,cstu6iw3@gmail.com,+1-664-31-1462,Quality Assurance Engineer,Operations,13615,23,Poor,2024-02-18
739,0,maq9k0eg@gmail.com,+1-620-61-9561,Quality Assurance Engineer,Sales,6782,2,Fair,2020-04-23
740,0,rbt7gypv@outlook.com,+1-473-99-5954,IT Support Specialist,IT,11730,6,Good,2017-12-08
741,0,0zhbccz2@outlook.com,+1-816-88-9921,Quality Assurance Engineer,Finance,17162,18,Needs Improvement,2016-10-04
742,0,0722r86l@datafactory.io,+1-760-56-8017,IT Support Specialist,Marketing,15598,17,Poor,2019-04-22
743,0,jrqygby9@gmail.com,+1-792-75-9887,Quality Assurance Engineer,Research and Development,8721,7,Excellent,2015-03-25
744,0,pcgvfxp4@datafactory.io,+1-968-79-3128,Software Engineer,Research and Development,7409,3,Excellent,2020-04-04
745,0,8sgwh2kc@example.com,+1-388-65-9179,Technical Writer,Research and Development,9542,5,Poor,2015-12-17
746,0,7sd4cf5d@datafactory.io,+1-683-28-7116,Software Engineer,Marketing,19786,12,Excellent,2022-09-01
747,0,5fulwmhc@gmail.com,+1-482-74-7179,Technical Writer,Finance,5493,1,Poor,2016-06-28
748,0,si4eq051@solix-agent.ai,+1-908-98-5466,DevOps Engineer,Finance,15449,23,Excellent,2025-03-01
749,0,01tpraig@example.com,+1-866-82-4873,UX Designer,Research and Development,13368,24,Needs Improvement,2023-03-20
750,0,vnzd2n2t@solix-agent.ai,+1-974-21-5426,UX Designer,HR,19747,23,Fair,2019-04-27
751,0,ssn24w1c@datafactory.io,+1-247-59-8897,Product Manager,HR,14986,26,Poor,2026-11-24
752,0,lugowxc4@yahoo.com,+1-880-78-3912,Technical Writer,Research and Development,9366,5,Fair,2016-04-02
753,0,o6k89ds4@datafactory.io,+1-480-61-4037,Data Scientist,Operations,14061,10,Good,2015-06-08
754,0,n304xaum@example.com,+1-544-98-4519,Product Manager,Research and Development,19515,21,Fair,2019-01-10
755,0,2rg9goxo@example.com,+1-818-50-7305,Technical Writer,Marketing,19330,14,Poor,2020-02-27
756,0,y7e64qyv@solix-agent.ai,+1-661-59-8734,Data Scientist,Operations,8096,5,Excellent,2024-01-25
757,0,x2ttwxyx@datafactory.io,+1-965-28-2509,Product Manager,Finance,16103,22,Fair,2024-11-26
758,0,u7yh0b5s@outlook.com,+1-774-64-3745,Quality Assurance Engineer,IT,19857,20,Poor,2020-01-01
759,0,dpi8yjsj@outlook.com,+1-306-99-7778,Product Manager,Operations,15312,23,Good,2025-12-17
760,0,mim3vq8u@outlook.com,+1-256-66-9695,Product Manager,Marketing,13756,18,Good,2018-04-01
761,0,2qx53cvr@example.com,+1-809-67-9937,IT Support Specialist,IT,13474,26,Needs Improvement,2016-12-01
762,0,f47ewjzw@datafactory.io,+1-248-74-9574,UX Designer,Marketing,19506,25,Good,2025-12-21
763,0,cxs8d3ll@yahoo.com,+1-512-98-4128,Software Engineer,Marketing,8916,8,Excellent,2024-06-26
764,0,x2kr1a94@datafactory.io,+1-242-59-7327,Technical Writer,HR,14237,29,Poor,2021-06-25
765,0,pp7ru4ji@yahoo.com,+1-592-38-1287,Software Engineer,IT,17023,19,Good,2017-03-08
766,0,mxn4cs3p@outlook.com,+1-531-50-2677,Technical Writer,Finance,12857,28,Needs Improvement,2017-03-12
767,0,h91mr7y5@solix-agent.ai,+1-724-33-7502,DevOps Engineer,IT,11923,6,Poor,2015-06-28
768,0,injvpph6@yahoo.com,+1-863-79-2337,Quality Assurance Engineer,IT,9909,7,Good,2017-04-19
769,0,t3kbu9sg@datafactory.io,+1-226-16-9387,Data Scientist,Marketing,13013,20,Poor,2026-01-17
770,0,93hxa50t@solix-agent.ai,+1-656-11-4923,IT Support Specialist,HR,8513,7,Excellent,2016-01-24
771,0,ia826bp9@solix-agent.ai,+1-458-54-9487,Technical Writer,HR,10508,7,Needs Improvement,2018-05-26
772,0,l3d6loah@datafactory.io,+1-365-20-2992,Software Engineer,IT,17626,11,Needs Improvement,2024-01-27
773,0,m5zq4kef@outlook.com,+1-615-74-8312,Quality Assurance Engineer,HR,15547,19,Poor,2026-05-05
774,0,a882v4of@yahoo.com,+1-550-23-2044,UX Designer,Operations,17694,11,Good,2016-05-14
775,0,j5ilpoir@example.com,+1-687-75-9207,Technical Writer,HR,10369,6,Fair,2026-06-13
776,0,7ymlmlug@gmail.com,+1-301-50-4425,Product Manager,Research and Development,16334,10,Good,2025-07-15
777,0,sk9185dy@outlook.com,+1-365-57-7429,IT Support Specialist,Operations,17963,15,Poor,2026-03-11
778,0,aeswv7a6@outlook.com,+1-848-21-5113,Technical Writer,IT,18445,17,Excellent,2020-05-23
779,0,v9n99lr4@gmail.com,+1-379-74-4528,Data Scientist,Finance,5205,0,Fair,2017-10-13
780,0,sifpua7q@datafactory.io,+1-305-61-2430,Data Scientist,Operations,19439,14,Poor,2024-11-28
781,0,aty4h6l4@yahoo.com,+1-650-17-5484,Software Engineer,Finance,17747,12,Needs Improvement,2018-03-05
782,0,8gnmb3fu@datafactory.io,+1-461-21-1692,UX Designer,Sales,3728,0,Needs Improvement,2015-02-06
783,0,r8dfk1dp@example.com,+1-821-48-7775,IT Support Specialist,IT,3112,1,Fair,2024-05-10
784,0,zdr4dand@yahoo.com,+1-247-91-4065,IT Support Specialist,HR,4586,1,Needs Improvement,2015-03-02
785,0,jqjvls87@gmail.com,+1-322-85-3946,IT Support Specialist,Research and Development,18864,26,Fair,2016-09-22
786,0,7ouq921g@gmail.com,+1-768-86-8629,Product Manager,HR,18804,10,Good,2023-11-03
787,0,cqzg0iuo@outlook.com,+1-381-90-4122,UX Designer,Sales,15160,30,Excellent,2026-07-24
788,0,q3ubla6n@solix-agent.ai,+1-565-38-9664,Data Scientist,IT,14479,30,Needs Improvement,2023-02-10
789,0,5qeowp8s@gmail.com,+1-436-82-2500,Technical Writer,Sales,15857,26,Good,2025-06-06
790,0,d888dvfb@datafactory.io,+1-339-51-6970,Quality Assurance Engineer,HR,17472,12,Poor,2016-06-01
791,0,d5pxurwp@outlook.com,+1-272-79-6773,Technical Writer,Finance,14894,14,Fair,2021-12-23
792,0,bn633696@datafactory.io,+1-306-31-1655,Software Engineer,Operations,19993,10,Poor,2020-10-24
793,0,pdu7j6a2@yahoo.com,+1-444-66-4629,Software Engineer,Sales,17672,10,Poor,2016-10-20
794,0,9htjduz6@solix-agent.ai,+1-657-70-1043,Quality Assurance Engineer,IT,15847,14,Excellent,2017-07-05
795,0,ucya0lnn@solix-agent.ai,+1-802-15-5181,Quality Assurance Engineer,Sales,18514,14,Excellent,2025-07-20
796,0,ztkgc3gd@example.com,+1-655-11-3309,Software Engineer,Operations,18141,20,Needs Improvement,2021-09-21
797,0,gxnjx54i@yahoo.com,+1-297-53-7883,UX Designer,Operations,19470,28,Good,2017-01-24
798,0,hqssw44z@datafactory.io,+1-358-17-5050,Software Engineer,HR,17956,27,Excellent,2016-02-03
799,0,3klwtzj4@outlook.com,+1-561-17-8313,Product Manager,IT,8880,9,Poor,2019-04-25
800,0,j8nn8bf8@solix-agent.ai,+1-457-99-2805,DevOps Engineer,Sales,8880,7,Needs Improvement,2025-11-27
801,0,t5bunaqz@solix-agent.ai,+1-361-59-3829,Data Scientist,Finance,18017,21,Poor,2023-10-20
802,0,q9rvaat1@solix-agent.ai,+1-839-32-6106,Product Manager,Finance,19705,13,Needs Improvement,2024-05-13
803,0,1fojgigd@datafactory.io,+1-907-81-8969,Data Scientist,Research and Development,14722,11,Excellent,2016-11-24
804,0,ga3oqm58@yahoo.com,+1-423-70-3768,Software Engineer,Research and Development,18937,19,Poor,2023-07-07
805,0,jjim24b3@gmail.com,+1-978-22-7060,Software Engineer,Research and Development,19071,11,Poor,2022-02-14
806,0,006z91g2@example.com,+1-392-68-8761,Quality Assurance Engineer,IT,6976,2,Good,2021-05-20
807,0,m8lft65r@example.com,+1-965-34-2809,Product Manager,Operations,14729,29,Fair,2026-03-16
808,0,yfhvxk4a@outlook.com,+1-750-20-3393,Technical Writer,Sales,8213,9,Poor,2016-07-26
809,0,d2kjlw5s@solix-agent.ai,+1-391-90-6280,DevOps Engineer,IT,16479,12,Needs Improvement,2018-06-13
810,0,milk9w4g@datafactory.io,+1-827-86-1948,Product Manager,Finance,8904,6,Excellent,2026-04-17
811,0,xfongajb@outlook.com,+1-479-15-3186,DevOps Engineer,Operations,13322,27,Good,2020-05-04
812,0,o05wn95n@example.com,+1-569-58-9855,IT Support Specialist,Sales,17340,26,Good,2020-01-15
813,0,eooyih8t@example.com,+1-945-89-5766,DevOps Engineer,Marketing,17256,24,Excellent,2020-12-05
814,0,agatyvhs@gmail.com,+1-539-81-1811,Software Engineer,Sales,15992,17,Poor,2020-03-01
815,0,n6hw1yud@solix-agent.ai,+1-537-69-7269,Software Engineer,IT,13593,10,Good,2018-09-08
816,0,kayijqvx@gmail.com,+1-323-90-8083,Technical Writer,Operations,19369,20,Fair,2017-07-07
817,0,n7a845h3@example.com,+1-651-57-5918,IT Support Specialist,Marketing,18230,29,Needs Improvement,2020-02-06
818,0,mdlqc3jm@datafactory.io,+1-285-30-5780,Technical Writer,Operations,14940,28,Fair,2021-05-04
819,0,cgrgmuqs@solix-agent.ai,+1-655-95-1730,Software Engineer,Marketing,3458,2,Fair,2025-07-05
820,0,1pa75lqh@example.com,+1-934-88-8386,DevOps Engineer,Marketing,5865,4,Needs Improvement,2017-04-23
821,0,eyvc4xqw@solix-agent.ai,+1-886-65-5182,Technical Writer,Operations,12624,15,Excellent,2018-03-06
822,0,nyhh4613@yahoo.com,+1-853-20-4982,Data Scientist,Finance,14437,29,Needs Improvement,2022-08-18
823,0,dws7q7n4@datafactory.io,+1-585-89-8612,Product Manager,Research and Development,15982,19,Good,2025-11-20
824,0,t6l35kig@datafactory.io,+1-503-87-9443,Software Engineer,Finance,12630,11,Needs Improvement,2018-11-26
825,0,rf3o1bxp@datafactory.io,+1-611-61-7730,Technical Writer,Finance,18267,12,Needs Improvement,2022-11-06
826,0,4as8f9m6@gmail.com,+1-530-56-6053,Product Manager,Sales,6995,4,Needs Improvement,2015-06-14
827,0,z05x28x2@yahoo.com,+1-545-53-7369,DevOps Engineer,Operations,16124,21,Good,2018-03-09
828,0,8trdntd3@example.com,+1-819-54-2829,Technical Writer,HR,17126,25,Excellent,2015-11-20
829,0,tju7ugsz@outlook.com,+1-575-61-2681,Software Engineer,HR,12858,13,Fair,2018-08-08
830,0,j754a9xq@gmail.com,+1-742-62-9717,DevOps Engineer,Marketing,4231,2,Fair,2016-11-28
831,0,hwkpr1ij@gmail.com,+1-653-55-5158,Technical Writer,HR,7010,4,Poor,2021-08-04
832,0,g983tonw@outlook.com,+1-650-94-3322,IT Support Specialist,HR,9590,9,Fair,2019-03-05
833,0,kdrfnguc@gmail.com,+1-214-85-9998,Product Manager,Research and Development,14980,13,Excellent,2021-06-26
834,0,0kauqpbh@outlook.com,+1-734-83-3646,IT Support Specialist,Finance,14624,16,Good,2016-07-14
835,0,zph43x5k@example.com,+1-773-37-3746,Quality Assurance Engineer,Sales,8248,9,Poor,2022-05-05
836,0,3y6tk1dx@outlook.com,+1-809-93-4748,Software Engineer,Research and Development,16799,29,Fair,2024-09-22
837,0,qvw6zf35@gmail.com,+1-909-73-5306,Data Scientist,Finance,8445,7,Poor,2026-09-13
838,0,bio1pr2u@datafactory.io,+1-969-27-7439,UX Designer,Research and Development,12499,17,Fair,2024-05-11
839,0,ecwblvev@outlook.com,+1-223-62-2989,IT Support Specialist,HR,14246,30,Good,2020-02-13
840,0,x4ndn3v5@outlook.com,+1-590-18-2168,IT Support Specialist,Research and Development,8111,5,Excellent,2026-07-02
841,0,sa8be7ra@solix-agent.ai,+1-705-83-2832,Technical Writer,IT,15462,18,Fair,2021-03-25
842,0,a3vd46lk@solix-agent.ai,+1-565-95-6932,Quality Assurance Engineer,Sales,14939,28,Needs Improvement,2025-06-18
843,0,284ux9z6@example.com,+1-449-46-2889,Software Engineer,HR,3298,4,Needs Improvement,2025-05-19
844,0,pznz2lxd@yahoo.com,+1-588-55-8159,IT Support Specialist,Sales,15151,27,Good,2022-12-21
845,0,7hwzuye6@outlook.com,+1-611-58-1688,IT Support Specialist,Sales,12502,17,Good,2018-02-27
846,0,muybluck@example.com,+1-860-78-4086,Product Manager,Research and Development,19278,14,Poor,2021-07-25
847,0,i2utb2zd@datafactory.io,+1-922-31-1319,IT Support Specialist,Operations,13491,23,Poor,2019-08-15
848,0,jlx2va3a@outlook.com,+1-347-86-6203,Quality Assurance Engineer,HR,10702,5,Poor,2024-03-13
849,0,bbaswj0j@yahoo.com,+1-702-81-8722,DevOps Engineer,Finance,17553,27,Poor,2018-04-06
850,0,uhzyfemd@gmail.com,+1-392-46-3789,Product Manager,IT,16401,16,Good,2020-09-16
851,0,t1p6pj8r@solix-agent.ai,+1-463-95-7781,Technical Writer,Sales,14271,12,Excellent,2020-09-10
852,0,vcsqfewa@gmail.com,+1-308-36-8686,Product Manager,IT,18578,15,Poor,2022-08-18
853,0,z0r5u028@solix-agent.ai,+1-699-63-9756,Software Engineer,Operations,16937,21,Good,2015-12-09
854,0,gn3zfm6c@example.com,+1-380-64-3429,UX Designer,Operations,18766,30,Fair,2019-11-14
855,0,92yzbd21@yahoo.com,+1-491-62-2308,UX Designer,Research and Development,18149,25,Good,2026-01-20
856,0,jw1t0i27@datafactory.io,+1-387-51-5547,Data Scientist,Research and Development,19929,17,Fair,2026-11-10
857,0,goqp6iln@outlook.com,+1-831-61-9822,Product Manager,Marketing,4474,0,Needs Improvement,2025-10-01
858,0,pbdez94l@solix-agent.ai,+1-502-23-4128,Quality Assurance Engineer,Finance,18225,29,Good,2015-06-04
859,0,knc5e7za@outlook.com,+1-260-23-7801,IT Support Specialist,Operations,12704,19,Poor,2026-03-12
860,0,d1gkn24b@solix-agent.ai,+1-223-94-8210,Data Scientist,Research and Development,17920,16,Needs Improvement,2015-07-05
861,0,mrulo4ct@example.com,+1-244-37-5649,IT Support Specialist,Sales,17735,18,Needs Improvement,2024-12-05
862,0,3se0zs9u@outlook.com,+1-484-31-4168,Data Scientist,Sales,18807,24,Poor,2024-11-05
863,0,biat8us1@example.com,+1-260-87-7271,Software Engineer,Finance,19201,20,Fair,2023-06-16
864,0,klajz2l0@datafactory.io,+1-243-17-9840,Data Scientist,Finance,16902,27,Needs Improvement,2020-07-14
865,0,9usjv9ea@outlook.com,+1-515-62-5561,DevOps Engineer,Sales,5540,3,Fair,2025-02-03
866,0,pelh76q6@yahoo.com,+1-230-60-2771,Technical Writer,IT,12036,21,Excellent,2021-11-23
867,0,l0eu1hs8@solix-agent.ai,+1-739-85-6726,Quality Assurance Engineer,HR,19436,12,Needs Improvement,2020-11-21
868,0,ljb96ob2@datafactory.io,+1-499-21-5289,UX Designer,Marketing,14697,18,Good,2017-08-16
869,0,b5wdn6c6@example.com,+1-805-25-6529,Data Scientist,Finance,7198,0,Fair,2022-04-13
870,0,mvvbunsd@solix-agent.ai,+1-249-92-9926,Quality Assurance Engineer,Research and Development,17492,17,Fair,2019-03-05
871,0,e660iunk@datafactory.io,+1-902-57-7549,Software Engineer,Sales,10054,6,Poor,2019-06-03
872,0,dqkvrwsk@yahoo.com,+1-345-16-8571,Technical Writer,IT,19981,30,Excellent,2018-11-09
873,0,a7b1zyr0@solix-agent.ai,+1-733-19-1856,Product Manager,Sales,14777,18,Fair,2022-12-02
874,0,580zidbx@yahoo.com,+1-277-41-2945,IT Support Specialist,Marketing,18125,26,Good,2022-01-08
875,0,l6piixik@solix-agent.ai,+1-254-48-4985,Data Scientist,Research and Development,13301,17,Excellent,2023-06-07
876,0,yi6i4xu1@outlook.com,+1-540-31-9394,Software Engineer,IT,16773,27,Excellent,2024-01-08
877,0,ocxyb5vu@example.com,+1-839-48-7393,Product Manager,Operations,10006,6,Poor,2017-11-24
878,0,09yqy6q6@gmail.com,+1-950-88-9125,Technical Writer,Research and Development,8552,8,Needs Improvement,2015-03-26
879,0,hlpotb3c@solix-agent.ai,+1-905-97-4842,Product Manager,Finance,12710,25,Fair,2015-08-09
880,0,rzcoknve@datafactory.io,+1-937-27-7098,IT Support Specialist,Marketing,3446,4,Good,2024-06-18
881,0,vm0zic3i@gmail.com,+1-639-44-3917,Data Scientist,IT,14063,30,Needs Improvement,2019-12-12
882,0,uvo0a9wc@solix-agent.ai,+1-291-73-2296,DevOps Engineer,Marketing,17510,25,Good,2020-04-15
883,0,ire72g5e@yahoo.com,+1-622-22-9188,Software Engineer,Operations,10234,5,Fair,2021-01-08
884,0,6ddfq9xu@gmail.com,+1-709-19-7472,Quality Assurance Engineer,Marketing,19015,29,Good,2022-12-26
885,0,6tcvs1ht@datafactory.io,+1-787-75-9626,IT Support Specialist,Finance,10801,9,Good,2021-01-26
886,0,xj1qc9sq@yahoo.com,+1-772-73-2487,IT Support Specialist,HR,14364,13,Poor,2017-02-17
887,0,pgxfuln4@datafactory.io,+1-843-54-8820,Product Manager,IT,14721,16,Poor,2020-02-10
888,0,3u9a5f3m@yahoo.com,+1-859-25-9341,IT Support Specialist,Operations,14855,19,Good,2017-09-17
889,0,3fagaq83@example.com,+1-604-58-4327,Quality Assurance Engineer,Research and Development,4354,3,Excellent,2025-01-02
890,0,dpgjmv88@datafactory.io,+1-674-66-7612,IT Support Specialist,Finance,14433,20,Excellent,2026-07-21
891,0,3mt8xcus@gmail.com,+1-805-15-4099,DevOps Engineer,HR,13458,11,Needs Improvement,2015-07-28
892,0,m7o371g3@solix-agent.ai,+1-993-82-9987,Quality Assurance Engineer,Finance,18469,12,Fair,2022-03-07
893,0,mmrbi58r@outlook.com,+1-387-96-1877,Technical Writer,Operations,19187,26,Poor,2022-02-10
894,0,if89c3gk@solix-agent.ai,+1-902-99-9714,IT Support Specialist,Marketing,13633,28,Good,2025-07-06
895,0,zp6c4pte@gmail.com,+1-399-89-4152,DevOps Engineer,Operations,13718,17,Fair,2023-09-22
896,0,t2pe18j6@yahoo.com,+1-314-21-6800,Quality Assurance Engineer,IT,3122,4,Fair,2019-12-09
897,0,91gy6b39@gmail.com,+1-692-37-2227,Product Manager,Sales,19203,15,Fair,2020-02-18
898,0,td35quvc@solix-agent.ai,+1-657-63-4383,IT Support Specialist,Research and Development,7323,0,Good,2018-10-25
899,0,fbs39ozu@solix-agent.ai,+1-394-18-3445,Quality Assurance Engineer,Marketing,17549,26,Good,2016-02-19
900,0,jgqtp93k@example.com,+1-405-21-8287,DevOps Engineer,Marketing,13784,28,Poor,2017-12-06
901,0,puuv7m3q@datafactory.io,+1-956-67-6808,Data Scientist,HR,14418,20,Needs Improvement,2016-05-19
902,0,zpse0vxo@yahoo.com,+1-201-54-4267,IT Support Specialist,Sales,16082,12,Needs Improvement,2023-05-08
903,0,ag736dmx@datafactory.io,+1-443-18-4532,Product Manager,Finance,8936,8,Excellent,2021-10-25
904,0,pm3cwen5@example.com,+1-626-30-7103,Technical Writer,HR,18160,11,Poor,2024-10-05
905,0,mrywthvc@outlook.com,+1-565-90-2427,IT Support Specialist,Research and Development,6148,1,Excellent,2018-05-26
906,0,3lmbcxe6@gmail.com,+1-867-83-8187,Technical Writer,Research and Development,17187,22,Good,2025-07-02
907,0,5lfdxeqx@solix-agent.ai,+1-873-67-7503,IT Support Specialist,HR,15819,15,Needs Improvement,2020-12-10
908,0,qoo9mg5i@datafactory.io,+1-686-30-4181,Data Scientist,Operations,12872,25,Poor,2019-10-16
909,0,221gyng3@example.com,+1-930-56-3751,Data Scientist,Finance,18356,18,Fair,2024-12-19
910,0,13mrhcqw@outlook.com,+1-266-82-4039,Technical Writer,Research and Development,15954,16,Poor,2016-05-16
911,0,oeyiu7fy@yahoo.com,+1-934-13-9669,Data Scientist,HR,19538,22,Good,2020-03-23
912,0,htcdd23i@gmail.com,+1-628-77-2744,UX Designer,IT,12614,30,Excellent,2026-02-06
913,0,8d144sb8@gmail.com,+1-539-57-4655,Software Engineer,Research and Development,17882,28,Needs Improvement,2022-06-17
914,0,8618tdqz@example.com,+1-420-23-6597,Technical Writer,IT,19360,10,Needs Improvement,2018-08-17
915,0,zy848qnr@gmail.com,+1-510-64-7929,Data Scientist,Finance,15854,25,Excellent,2025-07-07
916,0,wq4q0jwt@gmail.com,+1-728-77-8127,IT Support Specialist,Research and Development,5714,0,Fair,2017-06-04
917,0,wcuyl64t@solix-agent.ai,+1-493-13-2103,Product Manager,Marketing,12181,22,Excellent,2021-06-07
918,0,7inubck1@datafactory.io,+1-510-67-9103,DevOps Engineer,HR,16182,19,Poor,2024-09-13
919,0,s8ovcop9@yahoo.com,+1-638-37-1580,Technical Writer,Sales,5625,2,Good,2024-03-06
920,0,333bujaw@outlook.com,+1-437-14-1531,UX Designer,Operations,15600,19,Good,2021-05-02
921,0,s8imtz4q@yahoo.com,+1-927-16-4226,Quality Assurance Engineer,Sales,11075,5,Good,2015-03-14
922,0,uc6gdo79@solix-agent.ai,+1-239-42-6871,DevOps Engineer,Marketing,8572,7,Good,2016-07-28
923,0,z7891arz@datafactory.io,+1-396-47-7362,Technical Writer,Marketing,15053,30,Poor,2022-09-15
924,0,x7vrg53u@example.com,+1-228-40-9648,Software Engineer,IT,14094,28,Good,2017-10-10
925,0,qthvj45c@outlook.com,+1-804-45-7074,UX Designer,IT,13722,12,Excellent,2016-05-16
926,0,1zctu0ws@yahoo.com,+1-802-34-8384,IT Support Specialist,Sales,19615,12,Excellent,2021-02-13
927,0,t71cw4sy@yahoo.com,+1-924-70-2819,IT Support Specialist,Research and Development,7409,4,Poor,2015-09-06
928,0,0f8vx50h@example.com,+1-357-11-1530,IT Support Specialist,IT,19249,11,Poor,2017-04-08
929,0,modp7jj6@gmail.com,+1-625-83-3439,UX Designer,Research and Development,4443,1,Poor,2023-06-05
930,0,38wgtxyf@gmail.com,+1-406-81-8228,Technical Writer,HR,17861,23,Poor,2018-03-18
931,0,uh507lgn@example.com,+1-801-44-9776,UX Designer,Marketing,17134,14,Excellent,2019-07-02
932,0,f5p44g2o@datafactory.io,+1-219-39-1020,UX Designer,Research and Development,10986,5,Good,2021-08-01
933,0,1y8x96vb@datafactory.io,+1-982-27-5965,Technical Writer,HR,16077,11,Excellent,2020-08-08
934,0,0opij5yz@outlook.com,+1-975-84-6770,UX Designer,HR,17488,25,Poor,2019-07-05
935,0,awnn6u8d@gmail.com,+1-564-77-5014,Technical Writer,IT,5234,4,Needs Improvement,2024-07-05
936,0,u6cnt4vl@yahoo.com,+1-499-22-2523,DevOps Engineer,Finance,10928,6,Needs Improvement,2020-12-02
937,0,uvjzuth5@gmail.com,+1-253-43-9212,Technical Writer,IT,17355,12,Excellent,2025-04-11
938,0,mjcnaztc@yahoo.com,+1-260-77-6474,UX Designer,HR,3383,3,Excellent,2025-01-08
939,0,1u23hcuv@example.com,+1-892-83-7238,Technical Writer,Operations,12385,29,Needs Improvement,2021-12-16
940,0,fqbrnl3g@outlook.com,+1-330-64-3750,UX Designer,Research and Development,5105,2,Poor,2026-03-02
941,0,nqqy7rhy@solix-agent.ai,+1-630-32-5047,UX Designer,Marketing,4670,3,Excellent,2017-10-22
942,0,uz87dm2q@gmail.com,+1-763-39-3844,DevOps Engineer,Sales,18830,16,Good,2022-08-12
943,0,w8hnrpkr@gmail.com,+1-537-99-6003,Technical Writer,IT,12142,17,Fair,2022-04-26
944,0,2jxzzr96@gmail.com,+1-536-69-4957,Technical Writer,Sales,11570,5,Needs Improvement,2025-04-18
945,0,m86itvjc@gmail.com,+1-661-33-7292,Technical Writer,Research and Development,13058,17,Excellent,2015-03-28
946,0,pklbygp3@outlook.com,+1-243-14-4436,IT Support Specialist,Sales,14252,23,Good,2026-06-24
947,0,ud0mxu29@example.com,+1-541-69-9571,IT Support Specialist,Marketing,14752,19,Fair,2017-07-26
948,0,241noote@yahoo.com,+1-555-37-8625,IT Support Specialist,Operations,14697,26,Poor,2019-04-28
949,0,8y8ix77n@outlook.com,+1-789-13-7415,Quality Assurance Engineer,HR,15257,23,Fair,2023-02-21
950,0,2777j8gw@example.com,+1-976-24-3091,Software Engineer,Research and Development,14140,13,Poor,2020-04-23
951,0,lng6m6oi@gmail.com,+1-903-27-9084,IT Support Specialist,IT,11135,6,Needs Improvement,2018-03-23
952,0,kz4cqgc5@example.com,+1-649-74-9636,UX Designer,Research and Development,17788,25,Needs Improvement,2018-08-03
953,0,p3eaburw@gmail.com,+1-673-74-7874,UX Designer,Finance,19642,22,Excellent,2020-09-18
954,0,fim8l0fe@example.com,+1-607-94-5933,Product Manager,IT,17674,13,Fair,2016-10-17
955,0,0fbxccak@example.com,+1-608-66-7686,Software Engineer,Operations,15526,30,Poor,2018-12-27
956,0,4gwr835g@gmail.com,+1-813-20-7421,Technical Writer,Operations,19129,27,Needs Improvement,2022-01-04
957,0,lj3b4ih1@outlook.com,+1-351-90-7194,IT Support Specialist,Operations,3720,4,Poor,2020-04-01
958,0,s192dnoq@datafactory.io,+1-681-65-5913,Data Scientist,Finance,17280,20,Needs Improvement,2026-08-26
959,0,dr1fk1b1@example.com,+1-463-87-9936,IT Support Specialist,IT,15866,17,Needs Improvement,2016-06-02
960,0,m00f4bev@yahoo.com,+1-352-89-9368,Quality Assurance Engineer,Marketing,12485,15,Good,2017-06-21
961,0,nxaod2hp@example.com,+1-522-22-9538,Technical Writer,Sales,19788,14,Poor,2025-03-02
962,0,lfta7a7a@gmail.com,+1-752-64-9171,Data Scientist,Operations,9244,7,Fair,2019-05-17
963,0,uwc81pjo@gmail.com,+1-248-89-7955,Software Engineer,IT,11088,5,Excellent,2022-02-10
964,0,kujp3odz@example.com,+1-953-10-8682,Data Scientist,Research and Development,16505,19,Excellent,2018-09-28
965,0,5bhcrnml@yahoo.com,+1-704-42-1978,IT Support Specialist,HR,16257,11,Poor,2022-04-27
966,0,abqejjh6@gmail.com,+1-601-74-3205,IT Support Specialist,IT,5323,2,Poor,2023-11-17
967,0,i7dvw81b@datafactory.io,+1-741-94-8867,UX Designer,Research and Development,12255,11,Excellent,2015-07-23
968,0,uksesw0i@example.com,+1-701-46-2760,Quality Assurance Engineer,Research and Development,15219,24,Poor,2017-07-27
969,0,aymepuve@example.com,+1-580-24-9071,IT Support Specialist,IT,8860,8,Fair,2019-02-17
970,0,sd72x0vm@datafactory.io,+1-584-99-2088,Product Manager,IT,17092,15,Fair,2020-03-26
971,0,ozsedyuz@example.com,+1-421-73-7510,Product Manager,HR,14947,16,Fair,2025-05-20
972,0,05xmpceo@solix-agent.ai,+1-773-39-1310,Product Manager,Research and Development,18823,29,Poor,2018-12-09
973,0,01r030xv@yahoo.com,+1-315-96-9286,Data Scientist,Operations,19230,18,Excellent,2017-08-21
974,0,93zi157a@gmail.com,+1-401-75-3366,Data Scientist,Research and Development,17856,25,Excellent,2017-01-13
975,0,8jbicuts@solix-agent.ai,+1-646-78-7018,IT Support Specialist,Marketing,14980,19,Needs Improvement,2017-05-02
976,0,hzn1n7gl@outlook.com,+1-580-17-3184,Quality Assurance Engineer,HR,9582,5,Needs Improvement,2015-03-14
977,0,301dg0jf@solix-agent.ai,+1-286-34-5266,Data Scientist,Finance,8655,8,Needs Improvement,2026-10-12
978,0,fh3txjym@gmail.com,+1-216-38-2946,IT Support Specialist,Sales,19688,30,Excellent,2018-09-08
979,0,9e0d8l69@solix-agent.ai,+1-946-26-9015,Software Engineer,Operations,16672,16,Poor,2020-05-10
980,0,3mk7j46m@outlook.com,+1-891-92-2225,UX Designer,Sales,12106,18,Excellent,2021-12-08
981,0,bp9xssp7@outlook.com,+1-554-35-6463,DevOps Engineer,Marketing,18207,23,Needs Improvement,2024-04-06
982,0,47drgqg3@yahoo.com,+1-798-55-9450,Software Engineer,Sales,19537,17,Excellent,2022-08-20
983,0,qsz2ig3b@datafactory.io,+1-688-44-5962,UX Designer,Research and Development,17345,16,Fair,2026-05-20
984,0,oolg6q8t@gmail.com,+1-414-86-2352,DevOps Engineer,Operations,15382,21,Good,2017-09-11
985,0,i8dg7wfc@gmail.com,+1-798-35-9587,Software Engineer,Research and Development,8395,7,Fair,2022-02-03
986,0,n0brf7d5@example.com,+1-724-45-1407,Quality Assurance Engineer,Marketing,6096,0,Good,2015-03-15
987,0,fx8f1ylw@solix-agent.ai,+1-245-37-3823,UX Designer,Operations,3874,1,Excellent,2021-12-15
988,0,e669rtkv@example.com,+1-356-44-3304,Quality Assurance Engineer,Research and Development,9885,9,Excellent,2017-09-07
989,0,5rre4rgo@datafactory.io,+1-228-13-4789,Technical Writer,Research and Development,5677,3,Poor,2016-09-12
990,0,qusn8w8e@solix-agent.ai,+1-940-14-4569,Data Scientist,Marketing,18625,18,Needs Improvement,2016-11-01
991,0,qny13i6y@yahoo.com,+1-969-66-2746,IT Support Specialist,Finance,18415,19,Good,2021-03-11
992,0,i2sspnpj@yahoo.com,+1-901-16-7464,IT Support Specialist,Marketing,6126,1,Good,2020-09-03
993,0,y6tzie7g@yahoo.com,+1-759-79-3380,Data Scientist,IT,13752,27,Excellent,2023-01-12
994,0,otwojdvk@gmail.com,+1-833-99-7888,DevOps Engineer,Operations,10105,8,Needs Improvement,2024-03-20
995,0,kntbt0sq@datafactory.io,+1-679-53-1918,Software Engineer,Operations,11512,9,Good,2025-06-25
996,0,bx29oqkt@gmail.com,+1-224-87-7480,Data Scientist,Marketing,11580,6,Fair,2025-07-10
997,0,qh1jafrj@example.com,+1-885-42-8334,Data Scientist,HR,15826,28,Poor,2026-09-15
998,0,bek5gb4g@outlook.com,+1-777-31-3387,DevOps Engineer,Sales,13266,20,Needs Improvement,2021-07-13
999,0,w50kd3bu@datafactory.io,+1-798-23-3681,Technical Writer,IT,16045,10,Poor,2019-10-13
1000,0,7dur0nfb@outlook.com,+1-792-57-1357,DevOps Engineer,Operations,4387,2,Fair,2021-11-10
